Date,Currency
11/28/22,Bitcoin
11/27/22,Bitcoin
11/26/22,Bitcoin
11/25/22,Bitcoin
11/24/22,Bitcoin
11/23/22,Bitcoin
11/22/22,Bitcoin
11/21/22,Bitcoin
11/20/22,Bitcoin
11/19/22,Bitcoin
11/18/22,Bitcoin
11/17/22,Bitcoin
11/16/22,Bitcoin
11/15/22,Bitcoin
11/14/22,Bitcoin
11/13/22,Bitcoin
11/12/22,Bitcoin
11/11/22,Bitcoin
11/10/22,Bitcoin
11/9/22,Bitcoin
11/8/22,Bitcoin
11/7/22,Bitcoin
11/6/22,Bitcoin
11/5/22,Bitcoin
11/4/22,Bitcoin
11/3/22,Bitcoin
11/2/22,Bitcoin
11/1/22,Bitcoin
10/31/22,Bitcoin
10/30/22,Bitcoin
10/29/22,Bitcoin
10/28/22,Bitcoin
10/27/22,Bitcoin
10/26/22,Bitcoin
10/25/22,Bitcoin
10/24/22,Bitcoin
10/23/22,Bitcoin
10/22/22,Bitcoin
10/21/22,Bitcoin
10/20/22,Bitcoin
10/19/22,Bitcoin
10/18/22,Bitcoin
10/17/22,Bitcoin
10/16/22,Bitcoin
10/15/22,Bitcoin
10/14/22,Bitcoin
10/13/22,Bitcoin
10/12/22,Bitcoin
10/11/22,Bitcoin
10/10/22,Bitcoin
10/9/22,Bitcoin
10/8/22,Bitcoin
10/7/22,Bitcoin
10/6/22,Bitcoin
10/5/22,Bitcoin
10/4/22,Bitcoin
10/3/22,Bitcoin
10/2/22,Bitcoin
10/1/22,Bitcoin
9/30/22,Bitcoin
9/29/22,Bitcoin
9/28/22,Bitcoin
9/27/22,Bitcoin
9/26/22,Bitcoin
9/25/22,Bitcoin
9/24/22,Bitcoin
9/23/22,Bitcoin
9/22/22,Bitcoin
9/21/22,Bitcoin
9/20/22,Bitcoin
9/19/22,Bitcoin
9/18/22,Bitcoin
9/17/22,Bitcoin
9/16/22,Bitcoin
9/15/22,Bitcoin
9/14/22,Bitcoin
9/13/22,Bitcoin
9/12/22,Bitcoin
9/11/22,Bitcoin
9/10/22,Bitcoin
9/9/22,Bitcoin
9/8/22,Bitcoin
9/7/22,Bitcoin
9/6/22,Bitcoin
9/5/22,Bitcoin
9/4/22,Bitcoin
9/3/22,Bitcoin
9/2/22,Bitcoin
9/1/22,Bitcoin
8/31/22,Bitcoin
8/30/22,Bitcoin
8/29/22,Bitcoin
8/28/22,Bitcoin
8/27/22,Bitcoin
8/26/22,Bitcoin
8/25/22,Bitcoin
8/24/22,Bitcoin
8/23/22,Bitcoin
8/22/22,Bitcoin
8/21/22,Bitcoin
8/20/22,Bitcoin
8/19/22,Bitcoin
8/18/22,Bitcoin
8/17/22,Bitcoin
8/16/22,Bitcoin
8/15/22,Bitcoin
8/14/22,Bitcoin
8/13/22,Bitcoin
8/12/22,Bitcoin
8/11/22,Bitcoin
8/10/22,Bitcoin
8/9/22,Bitcoin
8/8/22,Bitcoin
8/7/22,Bitcoin
8/6/22,Bitcoin
8/5/22,Bitcoin
8/4/22,Bitcoin
8/3/22,Bitcoin
8/2/22,Bitcoin
8/1/22,Bitcoin
7/31/22,Bitcoin
7/30/22,Bitcoin
7/29/22,Bitcoin
7/28/22,Bitcoin
7/27/22,Bitcoin
7/26/22,Bitcoin
7/25/22,Bitcoin
7/24/22,Bitcoin
7/23/22,Bitcoin
7/22/22,Bitcoin
7/21/22,Bitcoin
7/20/22,Bitcoin
7/19/22,Bitcoin
7/18/22,Bitcoin
7/17/22,Bitcoin
7/16/22,Bitcoin
7/15/22,Bitcoin
7/14/22,Bitcoin
7/13/22,Bitcoin
7/12/22,Bitcoin
7/11/22,Bitcoin
7/10/22,Bitcoin
7/9/22,Bitcoin
7/8/22,Bitcoin
7/7/22,Bitcoin
7/6/22,Bitcoin
7/5/22,Bitcoin
7/4/22,Bitcoin
7/3/22,Bitcoin
7/2/22,Bitcoin
7/1/22,Bitcoin
6/30/22,Bitcoin
6/29/22,Bitcoin
6/28/22,Bitcoin
6/27/22,Bitcoin
6/26/22,Bitcoin
6/25/22,Bitcoin
6/24/22,Bitcoin
6/23/22,Bitcoin
6/22/22,Bitcoin
6/21/22,Bitcoin
6/20/22,Bitcoin
6/19/22,Bitcoin
6/18/22,Bitcoin
6/17/22,Bitcoin
6/16/22,Bitcoin
6/15/22,Bitcoin
6/14/22,Bitcoin
6/13/22,Bitcoin
6/12/22,Bitcoin
6/11/22,Bitcoin
6/10/22,Bitcoin
6/9/22,Bitcoin
6/8/22,Bitcoin
6/7/22,Bitcoin
6/6/22,Bitcoin
6/5/22,Bitcoin
6/4/22,Bitcoin
6/3/22,Bitcoin
6/2/22,Bitcoin
6/1/22,Bitcoin
5/31/22,Bitcoin
5/30/22,Bitcoin
5/29/22,Bitcoin
5/28/22,Bitcoin
5/27/22,Bitcoin
5/26/22,Bitcoin
5/25/22,Bitcoin
5/24/22,Bitcoin
5/23/22,Bitcoin
5/22/22,Bitcoin
5/21/22,Bitcoin
5/20/22,Bitcoin
5/19/22,Bitcoin
5/18/22,Bitcoin
5/17/22,Bitcoin
5/16/22,Bitcoin
5/15/22,Bitcoin
5/14/22,Bitcoin
5/13/22,Bitcoin
5/12/22,Bitcoin
5/11/22,Bitcoin
5/10/22,Bitcoin
5/9/22,Bitcoin
5/8/22,Bitcoin
5/7/22,Bitcoin
5/6/22,Bitcoin
5/5/22,Bitcoin
5/4/22,Bitcoin
5/3/22,Bitcoin
5/2/22,Bitcoin
5/1/22,Bitcoin
4/30/22,Bitcoin
4/29/22,Bitcoin
4/28/22,Bitcoin
4/27/22,Bitcoin
4/26/22,Bitcoin
4/25/22,Bitcoin
4/24/22,Bitcoin
4/23/22,Bitcoin
4/22/22,Bitcoin
4/21/22,Bitcoin
4/20/22,Bitcoin
4/19/22,Bitcoin
4/18/22,Bitcoin
4/17/22,Bitcoin
4/16/22,Bitcoin
4/15/22,Bitcoin
4/14/22,Bitcoin
4/13/22,Bitcoin
4/12/22,Bitcoin
4/11/22,Bitcoin
4/10/22,Bitcoin
4/9/22,Bitcoin
4/8/22,Bitcoin
4/7/22,Bitcoin
4/6/22,Bitcoin
4/5/22,Bitcoin
4/4/22,Bitcoin
4/3/22,Bitcoin
4/2/22,Bitcoin
4/1/22,Bitcoin
3/31/22,Bitcoin
3/30/22,Bitcoin
3/29/22,Bitcoin
3/28/22,Bitcoin
3/27/22,Bitcoin
3/26/22,Bitcoin
3/25/22,Bitcoin
3/24/22,Bitcoin
3/23/22,Bitcoin
3/22/22,Bitcoin
3/21/22,Bitcoin
3/20/22,Bitcoin
3/19/22,Bitcoin
3/18/22,Bitcoin
3/17/22,Bitcoin
3/16/22,Bitcoin
3/15/22,Bitcoin
3/14/22,Bitcoin
3/13/22,Bitcoin
3/12/22,Bitcoin
3/11/22,Bitcoin
3/10/22,Bitcoin
3/9/22,Bitcoin
3/8/22,Bitcoin
3/7/22,Bitcoin
3/6/22,Bitcoin
3/5/22,Bitcoin
3/4/22,Bitcoin
3/3/22,Bitcoin
3/2/22,Bitcoin
3/1/22,Bitcoin
2/28/22,Bitcoin
2/27/22,Bitcoin
2/26/22,Bitcoin
2/25/22,Bitcoin
2/24/22,Bitcoin
2/23/22,Bitcoin
2/22/22,Bitcoin
2/21/22,Bitcoin
2/20/22,Bitcoin
2/19/22,Bitcoin
2/18/22,Bitcoin
2/17/22,Bitcoin
2/16/22,Bitcoin
2/15/22,Bitcoin
2/14/22,Bitcoin
2/13/22,Bitcoin
2/12/22,Bitcoin
2/11/22,Bitcoin
2/10/22,Bitcoin
2/9/22,Bitcoin
2/8/22,Bitcoin
2/7/22,Bitcoin
2/6/22,Bitcoin
2/5/22,Bitcoin
2/4/22,Bitcoin
2/3/22,Bitcoin
2/2/22,Bitcoin
2/1/22,Bitcoin
1/31/22,Bitcoin
1/30/22,Bitcoin
1/29/22,Bitcoin
1/28/22,Bitcoin
1/27/22,Bitcoin
1/26/22,Bitcoin
1/25/22,Bitcoin
1/24/22,Bitcoin
1/23/22,Bitcoin
1/22/22,Bitcoin
1/21/22,Bitcoin
1/20/22,Bitcoin
1/19/22,Bitcoin
1/18/22,Bitcoin
1/17/22,Bitcoin
1/16/22,Bitcoin
1/15/22,Bitcoin
1/14/22,Bitcoin
1/13/22,Bitcoin
1/12/22,Bitcoin
1/11/22,Bitcoin
1/10/22,Bitcoin
1/9/22,Bitcoin
1/8/22,Bitcoin
1/7/22,Bitcoin
1/6/22,Bitcoin
1/5/22,Bitcoin
1/4/22,Bitcoin
1/3/22,Bitcoin
1/2/22,Bitcoin
1/1/22,Bitcoin
12/31/21,Bitcoin
12/30/21,Bitcoin
12/29/21,Bitcoin
12/28/21,Bitcoin
12/27/21,Bitcoin
12/26/21,Bitcoin
12/25/21,Bitcoin
12/24/21,Bitcoin
12/23/21,Bitcoin
12/22/21,Bitcoin
12/21/21,Bitcoin
12/20/21,Bitcoin
12/19/21,Bitcoin
12/18/21,Bitcoin
12/17/21,Bitcoin
12/16/21,Bitcoin
12/15/21,Bitcoin
12/14/21,Bitcoin
12/13/21,Bitcoin
12/12/21,Bitcoin
12/11/21,Bitcoin
12/10/21,Bitcoin
12/9/21,Bitcoin
12/8/21,Bitcoin
12/7/21,Bitcoin
12/6/21,Bitcoin
12/5/21,Bitcoin
12/4/21,Bitcoin
12/3/21,Bitcoin
12/2/21,Bitcoin
12/1/21,Bitcoin
11/30/21,Bitcoin
11/29/21,Bitcoin
11/28/21,Bitcoin
11/27/21,Bitcoin
11/26/21,Bitcoin
11/25/21,Bitcoin
11/24/21,Bitcoin
11/23/21,Bitcoin
11/22/21,Bitcoin
11/21/21,Bitcoin
11/20/21,Bitcoin
11/19/21,Bitcoin
11/18/21,Bitcoin
11/17/21,Bitcoin
11/16/21,Bitcoin
11/15/21,Bitcoin
11/14/21,Bitcoin
11/13/21,Bitcoin
11/12/21,Bitcoin
11/11/21,Bitcoin
11/10/21,Bitcoin
11/9/21,Bitcoin
11/8/21,Bitcoin
11/7/21,Bitcoin
11/6/21,Bitcoin
11/5/21,Bitcoin
11/4/21,Bitcoin
11/3/21,Bitcoin
11/2/21,Bitcoin
11/1/21,Bitcoin
10/31/21,Bitcoin
10/30/21,Bitcoin
10/29/21,Bitcoin
10/28/21,Bitcoin
10/27/21,Bitcoin
10/26/21,Bitcoin
10/25/21,Bitcoin
10/24/21,Bitcoin
10/23/21,Bitcoin
10/22/21,Bitcoin
10/21/21,Bitcoin
10/20/21,Bitcoin
10/19/21,Bitcoin
10/18/21,Bitcoin
10/17/21,Bitcoin
10/16/21,Bitcoin
10/15/21,Bitcoin
10/14/21,Bitcoin
10/13/21,Bitcoin
10/12/21,Bitcoin
10/11/21,Bitcoin
10/10/21,Bitcoin
10/9/21,Bitcoin
10/8/21,Bitcoin
10/7/21,Bitcoin
10/6/21,Bitcoin
10/5/21,Bitcoin
10/4/21,Bitcoin
10/3/21,Bitcoin
10/2/21,Bitcoin
10/1/21,Bitcoin
9/30/21,Bitcoin
9/29/21,Bitcoin
9/28/21,Bitcoin
9/27/21,Bitcoin
9/26/21,Bitcoin
9/25/21,Bitcoin
9/24/21,Bitcoin
9/23/21,Bitcoin
9/22/21,Bitcoin
9/21/21,Bitcoin
9/20/21,Bitcoin
9/19/21,Bitcoin
9/18/21,Bitcoin
9/17/21,Bitcoin
9/16/21,Bitcoin
9/15/21,Bitcoin
9/14/21,Bitcoin
9/13/21,Bitcoin
9/12/21,Bitcoin
9/11/21,Bitcoin
9/10/21,Bitcoin
9/9/21,Bitcoin
9/8/21,Bitcoin
9/7/21,Bitcoin
9/6/21,Bitcoin
9/5/21,Bitcoin
9/4/21,Bitcoin
9/3/21,Bitcoin
9/2/21,Bitcoin
9/1/21,Bitcoin
8/31/21,Bitcoin
8/30/21,Bitcoin
8/29/21,Bitcoin
8/28/21,Bitcoin
8/27/21,Bitcoin
8/26/21,Bitcoin
8/25/21,Bitcoin
8/24/21,Bitcoin
8/23/21,Bitcoin
8/22/21,Bitcoin
8/21/21,Bitcoin
8/20/21,Bitcoin
8/19/21,Bitcoin
8/18/21,Bitcoin
8/17/21,Bitcoin
8/16/21,Bitcoin
8/15/21,Bitcoin
8/14/21,Bitcoin
8/13/21,Bitcoin
8/12/21,Bitcoin
8/11/21,Bitcoin
8/10/21,Bitcoin
8/9/21,Bitcoin
8/8/21,Bitcoin
8/7/21,Bitcoin
8/6/21,Bitcoin
8/5/21,Bitcoin
8/4/21,Bitcoin
8/3/21,Bitcoin
8/2/21,Bitcoin
8/1/21,Bitcoin
7/31/21,Bitcoin
7/30/21,Bitcoin
7/29/21,Bitcoin
7/28/21,Bitcoin
7/27/21,Bitcoin
7/26/21,Bitcoin
7/25/21,Bitcoin
7/24/21,Bitcoin
7/23/21,Bitcoin
7/22/21,Bitcoin
7/21/21,Bitcoin
7/20/21,Bitcoin
7/19/21,Bitcoin
7/18/21,Bitcoin
7/17/21,Bitcoin
7/16/21,Bitcoin
7/15/21,Bitcoin
7/14/21,Bitcoin
7/13/21,Bitcoin
7/12/21,Bitcoin
7/11/21,Bitcoin
7/10/21,Bitcoin
7/9/21,Bitcoin
7/8/21,Bitcoin
7/7/21,Bitcoin
7/6/21,Bitcoin
7/5/21,Bitcoin
7/4/21,Bitcoin
7/3/21,Bitcoin
7/2/21,Bitcoin
7/1/21,Bitcoin
6/30/21,Bitcoin
6/29/21,Bitcoin
6/28/21,Bitcoin
6/27/21,Bitcoin
6/26/21,Bitcoin
6/25/21,Bitcoin
6/24/21,Bitcoin
6/23/21,Bitcoin
6/22/21,Bitcoin
6/21/21,Bitcoin
6/20/21,Bitcoin
6/19/21,Bitcoin
6/18/21,Bitcoin
6/17/21,Bitcoin
6/16/21,Bitcoin
6/15/21,Bitcoin
6/14/21,Bitcoin
6/13/21,Bitcoin
6/12/21,Bitcoin
6/11/21,Bitcoin
6/10/21,Bitcoin
6/9/21,Bitcoin
6/8/21,Bitcoin
6/7/21,Bitcoin
6/6/21,Bitcoin
6/5/21,Bitcoin
6/4/21,Bitcoin
6/3/21,Bitcoin
6/2/21,Bitcoin
6/1/21,Bitcoin
5/31/21,Bitcoin
5/30/21,Bitcoin
5/29/21,Bitcoin
5/28/21,Bitcoin
5/27/21,Bitcoin
5/26/21,Bitcoin
5/25/21,Bitcoin
5/24/21,Bitcoin
5/23/21,Bitcoin
5/22/21,Bitcoin
5/21/21,Bitcoin
5/20/21,Bitcoin
5/19/21,Bitcoin
5/18/21,Bitcoin
5/17/21,Bitcoin
5/16/21,Bitcoin
5/15/21,Bitcoin
5/14/21,Bitcoin
5/13/21,Bitcoin
5/12/21,Bitcoin
5/11/21,Bitcoin
5/10/21,Bitcoin
5/9/21,Bitcoin
5/8/21,Bitcoin
5/7/21,Bitcoin
5/6/21,Bitcoin
5/5/21,Bitcoin
5/4/21,Bitcoin
5/3/21,Bitcoin
5/2/21,Bitcoin
5/1/21,Bitcoin
4/30/21,Bitcoin
4/29/21,Bitcoin
4/28/21,Bitcoin
4/27/21,Bitcoin
4/26/21,Bitcoin
4/25/21,Bitcoin
4/24/21,Bitcoin
4/23/21,Bitcoin
4/22/21,Bitcoin
4/21/21,Bitcoin
4/20/21,Bitcoin
4/19/21,Bitcoin
4/18/21,Bitcoin
4/17/21,Bitcoin
4/16/21,Bitcoin
4/15/21,Bitcoin
4/14/21,Bitcoin
4/13/21,Bitcoin
4/12/21,Bitcoin
4/11/21,Bitcoin
4/10/21,Bitcoin
4/9/21,Bitcoin
4/8/21,Bitcoin
4/7/21,Bitcoin
4/6/21,Bitcoin
4/5/21,Bitcoin
4/4/21,Bitcoin
4/3/21,Bitcoin
4/2/21,Bitcoin
4/1/21,Bitcoin
3/31/21,Bitcoin
3/30/21,Bitcoin
3/29/21,Bitcoin
3/28/21,Bitcoin
3/27/21,Bitcoin
3/26/21,Bitcoin
3/25/21,Bitcoin
3/24/21,Bitcoin
3/23/21,Bitcoin
3/22/21,Bitcoin
3/21/21,Bitcoin
3/20/21,Bitcoin
3/19/21,Bitcoin
3/18/21,Bitcoin
3/17/21,Bitcoin
3/16/21,Bitcoin
3/15/21,Bitcoin
3/14/21,Bitcoin
3/13/21,Bitcoin
3/12/21,Bitcoin
3/11/21,Bitcoin
3/10/21,Bitcoin
3/9/21,Bitcoin
3/8/21,Bitcoin
3/7/21,Bitcoin
3/6/21,Bitcoin
3/5/21,Bitcoin
3/4/21,Bitcoin
3/3/21,Bitcoin
3/2/21,Bitcoin
3/1/21,Bitcoin
2/28/21,Bitcoin
2/27/21,Bitcoin
2/26/21,Bitcoin
2/25/21,Bitcoin
2/24/21,Bitcoin
2/23/21,Bitcoin
2/22/21,Bitcoin
2/21/21,Bitcoin
2/20/21,Bitcoin
2/19/21,Bitcoin
2/18/21,Bitcoin
2/17/21,Bitcoin
2/16/21,Bitcoin
2/15/21,Bitcoin
2/14/21,Bitcoin
2/13/21,Bitcoin
2/12/21,Bitcoin
2/11/21,Bitcoin
2/10/21,Bitcoin
2/9/21,Bitcoin
2/8/21,Bitcoin
2/7/21,Bitcoin
2/6/21,Bitcoin
2/5/21,Bitcoin
2/4/21,Bitcoin
2/3/21,Bitcoin
2/2/21,Bitcoin
2/1/21,Bitcoin
1/31/21,Bitcoin
1/30/21,Bitcoin
1/29/21,Bitcoin
1/28/21,Bitcoin
1/27/21,Bitcoin
1/26/21,Bitcoin
1/25/21,Bitcoin
1/24/21,Bitcoin
1/23/21,Bitcoin
1/22/21,Bitcoin
1/21/21,Bitcoin
1/20/21,Bitcoin
1/19/21,Bitcoin
1/18/21,Bitcoin
1/17/21,Bitcoin
1/16/21,Bitcoin
1/15/21,Bitcoin
1/14/21,Bitcoin
1/13/21,Bitcoin
1/12/21,Bitcoin
1/11/21,Bitcoin
1/10/21,Bitcoin
1/9/21,Bitcoin
1/8/21,Bitcoin
1/7/21,Bitcoin
1/6/21,Bitcoin
1/5/21,Bitcoin
1/4/21,Bitcoin
1/3/21,Bitcoin
1/2/21,Bitcoin
1/1/21,Bitcoin
12/31/20,Bitcoin
12/30/20,Bitcoin
12/29/20,Bitcoin
12/28/20,Bitcoin
12/27/20,Bitcoin
12/26/20,Bitcoin
12/25/20,Bitcoin
12/24/20,Bitcoin
12/23/20,Bitcoin
12/22/20,Bitcoin
12/21/20,Bitcoin
12/20/20,Bitcoin
12/19/20,Bitcoin
12/18/20,Bitcoin
12/17/20,Bitcoin
12/16/20,Bitcoin
12/15/20,Bitcoin
12/14/20,Bitcoin
12/13/20,Bitcoin
12/12/20,Bitcoin
12/11/20,Bitcoin
12/10/20,Bitcoin
12/9/20,Bitcoin
12/8/20,Bitcoin
12/7/20,Bitcoin
12/6/20,Bitcoin
12/5/20,Bitcoin
12/4/20,Bitcoin
12/3/20,Bitcoin
12/2/20,Bitcoin
12/1/20,Bitcoin
11/30/20,Bitcoin
11/29/20,Bitcoin
11/28/20,Bitcoin
11/27/20,Bitcoin
11/26/20,Bitcoin
11/25/20,Bitcoin
11/24/20,Bitcoin
11/23/20,Bitcoin
11/22/20,Bitcoin
11/21/20,Bitcoin
11/20/20,Bitcoin
11/19/20,Bitcoin
11/18/20,Bitcoin
11/17/20,Bitcoin
11/16/20,Bitcoin
11/15/20,Bitcoin
11/14/20,Bitcoin
11/13/20,Bitcoin
11/12/20,Bitcoin
11/11/20,Bitcoin
11/10/20,Bitcoin
11/9/20,Bitcoin
11/8/20,Bitcoin
11/7/20,Bitcoin
11/6/20,Bitcoin
11/5/20,Bitcoin
11/4/20,Bitcoin
11/3/20,Bitcoin
11/2/20,Bitcoin
11/1/20,Bitcoin
10/31/20,Bitcoin
10/30/20,Bitcoin
10/29/20,Bitcoin
10/28/20,Bitcoin
10/27/20,Bitcoin
10/26/20,Bitcoin
10/25/20,Bitcoin
10/24/20,Bitcoin
10/23/20,Bitcoin
10/22/20,Bitcoin
10/21/20,Bitcoin
10/20/20,Bitcoin
10/19/20,Bitcoin
10/18/20,Bitcoin
10/17/20,Bitcoin
10/16/20,Bitcoin
10/15/20,Bitcoin
10/14/20,Bitcoin
10/13/20,Bitcoin
10/12/20,Bitcoin
10/11/20,Bitcoin
10/10/20,Bitcoin
10/9/20,Bitcoin
10/8/20,Bitcoin
10/7/20,Bitcoin
10/6/20,Bitcoin
10/5/20,Bitcoin
10/4/20,Bitcoin
10/3/20,Bitcoin
10/2/20,Bitcoin
10/1/20,Bitcoin
9/30/20,Bitcoin
9/29/20,Bitcoin
9/28/20,Bitcoin
9/27/20,Bitcoin
9/26/20,Bitcoin
9/25/20,Bitcoin
9/24/20,Bitcoin
9/23/20,Bitcoin
9/22/20,Bitcoin
9/21/20,Bitcoin
9/20/20,Bitcoin
9/19/20,Bitcoin
9/18/20,Bitcoin
9/17/20,Bitcoin
9/16/20,Bitcoin
9/15/20,Bitcoin
9/14/20,Bitcoin
9/13/20,Bitcoin
9/12/20,Bitcoin
9/11/20,Bitcoin
9/10/20,Bitcoin
9/9/20,Bitcoin
9/8/20,Bitcoin
9/7/20,Bitcoin
9/6/20,Bitcoin
9/5/20,Bitcoin
9/4/20,Bitcoin
9/3/20,Bitcoin
9/2/20,Bitcoin
9/1/20,Bitcoin
8/31/20,Bitcoin
8/30/20,Bitcoin
8/29/20,Bitcoin
8/28/20,Bitcoin
8/27/20,Bitcoin
8/26/20,Bitcoin
8/25/20,Bitcoin
8/24/20,Bitcoin
8/23/20,Bitcoin
8/22/20,Bitcoin
8/21/20,Bitcoin
8/20/20,Bitcoin
8/19/20,Bitcoin
8/18/20,Bitcoin
8/17/20,Bitcoin
8/16/20,Bitcoin
8/15/20,Bitcoin
8/14/20,Bitcoin
8/13/20,Bitcoin
8/12/20,Bitcoin
8/11/20,Bitcoin
8/10/20,Bitcoin
8/9/20,Bitcoin
8/8/20,Bitcoin
8/7/20,Bitcoin
8/6/20,Bitcoin
8/5/20,Bitcoin
8/4/20,Bitcoin
8/3/20,Bitcoin
8/2/20,Bitcoin
8/1/20,Bitcoin
7/31/20,Bitcoin
7/30/20,Bitcoin
7/29/20,Bitcoin
7/28/20,Bitcoin
7/27/20,Bitcoin
7/26/20,Bitcoin
7/25/20,Bitcoin
7/24/20,Bitcoin
7/23/20,Bitcoin
7/22/20,Bitcoin
7/21/20,Bitcoin
7/20/20,Bitcoin
7/19/20,Bitcoin
7/18/20,Bitcoin
7/17/20,Bitcoin
7/16/20,Bitcoin
7/15/20,Bitcoin
7/14/20,Bitcoin
7/13/20,Bitcoin
7/12/20,Bitcoin
7/11/20,Bitcoin
7/10/20,Bitcoin
7/9/20,Bitcoin
7/8/20,Bitcoin
7/7/20,Bitcoin
7/6/20,Bitcoin
7/5/20,Bitcoin
7/4/20,Bitcoin
7/3/20,Bitcoin
7/2/20,Bitcoin
7/1/20,Bitcoin
6/30/20,Bitcoin
6/29/20,Bitcoin
6/28/20,Bitcoin
6/27/20,Bitcoin
6/26/20,Bitcoin
6/25/20,Bitcoin
6/24/20,Bitcoin
6/23/20,Bitcoin
6/22/20,Bitcoin
6/21/20,Bitcoin
6/20/20,Bitcoin
6/19/20,Bitcoin
6/18/20,Bitcoin
6/17/20,Bitcoin
6/16/20,Bitcoin
6/15/20,Bitcoin
6/14/20,Bitcoin
6/13/20,Bitcoin
6/12/20,Bitcoin
6/11/20,Bitcoin
6/10/20,Bitcoin
6/9/20,Bitcoin
6/8/20,Bitcoin
6/7/20,Bitcoin
6/6/20,Bitcoin
6/5/20,Bitcoin
6/4/20,Bitcoin
6/3/20,Bitcoin
6/2/20,Bitcoin
6/1/20,Bitcoin
5/31/20,Bitcoin
5/30/20,Bitcoin
5/29/20,Bitcoin
5/28/20,Bitcoin
5/27/20,Bitcoin
5/26/20,Bitcoin
5/25/20,Bitcoin
5/24/20,Bitcoin
5/23/20,Bitcoin
5/22/20,Bitcoin
5/21/20,Bitcoin
5/20/20,Bitcoin
5/19/20,Bitcoin
5/18/20,Bitcoin
5/17/20,Bitcoin
5/16/20,Bitcoin
5/15/20,Bitcoin
5/14/20,Bitcoin
5/13/20,Bitcoin
5/12/20,Bitcoin
5/11/20,Bitcoin
5/10/20,Bitcoin
5/9/20,Bitcoin
5/8/20,Bitcoin
5/7/20,Bitcoin
5/6/20,Bitcoin
5/5/20,Bitcoin
5/4/20,Bitcoin
5/3/20,Bitcoin
5/2/20,Bitcoin
5/1/20,Bitcoin
4/30/20,Bitcoin
4/29/20,Bitcoin
4/28/20,Bitcoin
4/27/20,Bitcoin
4/26/20,Bitcoin
4/25/20,Bitcoin
4/24/20,Bitcoin
4/23/20,Bitcoin
4/22/20,Bitcoin
4/21/20,Bitcoin
4/20/20,Bitcoin
4/19/20,Bitcoin
4/18/20,Bitcoin
4/17/20,Bitcoin
4/16/20,Bitcoin
4/15/20,Bitcoin
4/14/20,Bitcoin
4/13/20,Bitcoin
4/12/20,Bitcoin
4/11/20,Bitcoin
4/10/20,Bitcoin
4/9/20,Bitcoin
4/8/20,Bitcoin
4/7/20,Bitcoin
4/6/20,Bitcoin
4/5/20,Bitcoin
4/4/20,Bitcoin
4/3/20,Bitcoin
4/2/20,Bitcoin
4/1/20,Bitcoin
3/31/20,Bitcoin
3/30/20,Bitcoin
3/29/20,Bitcoin
3/28/20,Bitcoin
3/27/20,Bitcoin
3/26/20,Bitcoin
3/25/20,Bitcoin
3/24/20,Bitcoin
3/23/20,Bitcoin
3/22/20,Bitcoin
3/21/20,Bitcoin
3/20/20,Bitcoin
3/19/20,Bitcoin
3/18/20,Bitcoin
3/17/20,Bitcoin
3/16/20,Bitcoin
3/15/20,Bitcoin
3/14/20,Bitcoin
3/13/20,Bitcoin
3/12/20,Bitcoin
3/11/20,Bitcoin
3/10/20,Bitcoin
3/9/20,Bitcoin
3/8/20,Bitcoin
3/7/20,Bitcoin
3/6/20,Bitcoin
3/5/20,Bitcoin
3/4/20,Bitcoin
3/3/20,Bitcoin
3/2/20,Bitcoin
3/1/20,Bitcoin
2/29/20,Bitcoin
2/28/20,Bitcoin
2/27/20,Bitcoin
2/26/20,Bitcoin
2/25/20,Bitcoin
2/24/20,Bitcoin
2/23/20,Bitcoin
2/22/20,Bitcoin
2/21/20,Bitcoin
2/20/20,Bitcoin
2/19/20,Bitcoin
2/18/20,Bitcoin
2/17/20,Bitcoin
2/16/20,Bitcoin
2/15/20,Bitcoin
2/14/20,Bitcoin
2/13/20,Bitcoin
2/12/20,Bitcoin
2/11/20,Bitcoin
2/10/20,Bitcoin
2/9/20,Bitcoin
2/8/20,Bitcoin
2/7/20,Bitcoin
2/6/20,Bitcoin
2/5/20,Bitcoin
2/4/20,Bitcoin
2/3/20,Bitcoin
2/2/20,Bitcoin
2/1/20,Bitcoin
1/31/20,Bitcoin
1/30/20,Bitcoin
1/29/20,Bitcoin
1/28/20,Bitcoin
1/27/20,Bitcoin
1/26/20,Bitcoin
1/25/20,Bitcoin
1/24/20,Bitcoin
1/23/20,Bitcoin
1/22/20,Bitcoin
1/21/20,Bitcoin
1/20/20,Bitcoin
1/19/20,Bitcoin
1/18/20,Bitcoin
1/17/20,Bitcoin
1/16/20,Bitcoin
1/15/20,Bitcoin
1/14/20,Bitcoin
1/13/20,Bitcoin
1/12/20,Bitcoin
1/11/20,Bitcoin
1/10/20,Bitcoin
1/9/20,Bitcoin
1/8/20,Bitcoin
1/7/20,Bitcoin
1/6/20,Bitcoin
1/5/20,Bitcoin
1/4/20,Bitcoin
1/3/20,Bitcoin
1/2/20,Bitcoin
1/1/20,Bitcoin
12/31/19,Bitcoin
12/30/19,Bitcoin
12/29/19,Bitcoin
12/28/19,Bitcoin
12/27/19,Bitcoin
12/26/19,Bitcoin
12/25/19,Bitcoin
12/24/19,Bitcoin
12/23/19,Bitcoin
12/22/19,Bitcoin
12/21/19,Bitcoin
12/20/19,Bitcoin
12/19/19,Bitcoin
12/18/19,Bitcoin
12/17/19,Bitcoin
12/16/19,Bitcoin
12/15/19,Bitcoin
12/14/19,Bitcoin
12/13/19,Bitcoin
12/12/19,Bitcoin
12/11/19,Bitcoin
12/10/19,Bitcoin
12/9/19,Bitcoin
12/8/19,Bitcoin
12/7/19,Bitcoin
12/6/19,Bitcoin
12/5/19,Bitcoin
12/4/19,Bitcoin
12/3/19,Bitcoin
12/2/19,Bitcoin
12/1/19,Bitcoin
11/30/19,Bitcoin
11/29/19,Bitcoin
11/28/19,Bitcoin
11/27/19,Bitcoin
11/26/19,Bitcoin
11/25/19,Bitcoin
11/24/19,Bitcoin
11/23/19,Bitcoin
11/22/19,Bitcoin
11/21/19,Bitcoin
11/20/19,Bitcoin
11/19/19,Bitcoin
11/18/19,Bitcoin
11/17/19,Bitcoin
11/16/19,Bitcoin
11/15/19,Bitcoin
11/14/19,Bitcoin
11/13/19,Bitcoin
11/12/19,Bitcoin
11/11/19,Bitcoin
11/10/19,Bitcoin
11/9/19,Bitcoin
11/8/19,Bitcoin
11/7/19,Bitcoin
11/6/19,Bitcoin
11/5/19,Bitcoin
11/4/19,Bitcoin
11/3/19,Bitcoin
11/2/19,Bitcoin
11/1/19,Bitcoin
10/31/19,Bitcoin
10/30/19,Bitcoin
10/29/19,Bitcoin
10/28/19,Bitcoin
10/27/19,Bitcoin
10/26/19,Bitcoin
10/25/19,Bitcoin
10/24/19,Bitcoin
10/23/19,Bitcoin
10/22/19,Bitcoin
10/21/19,Bitcoin
10/20/19,Bitcoin
10/19/19,Bitcoin
10/18/19,Bitcoin
10/17/19,Bitcoin
10/16/19,Bitcoin
10/15/19,Bitcoin
10/14/19,Bitcoin
10/13/19,Bitcoin
10/12/19,Bitcoin
10/11/19,Bitcoin
10/10/19,Bitcoin
10/9/19,Bitcoin
10/8/19,Bitcoin
10/7/19,Bitcoin
10/6/19,Bitcoin
10/5/19,Bitcoin
10/4/19,Bitcoin
10/3/19,Bitcoin
10/2/19,Bitcoin
10/1/19,Bitcoin
9/30/19,Bitcoin
9/29/19,Bitcoin
9/28/19,Bitcoin
9/27/19,Bitcoin
9/26/19,Bitcoin
9/25/19,Bitcoin
9/24/19,Bitcoin
9/23/19,Bitcoin
9/22/19,Bitcoin
9/21/19,Bitcoin
9/20/19,Bitcoin
9/19/19,Bitcoin
9/18/19,Bitcoin
9/17/19,Bitcoin
9/16/19,Bitcoin
9/15/19,Bitcoin
9/14/19,Bitcoin
9/13/19,Bitcoin
9/12/19,Bitcoin
9/11/19,Bitcoin
9/10/19,Bitcoin
9/9/19,Bitcoin
9/8/19,Bitcoin
9/7/19,Bitcoin
9/6/19,Bitcoin
9/5/19,Bitcoin
9/4/19,Bitcoin
9/3/19,Bitcoin
9/2/19,Bitcoin
9/1/19,Bitcoin
8/31/19,Bitcoin
8/30/19,Bitcoin
8/29/19,Bitcoin
8/28/19,Bitcoin
8/27/19,Bitcoin
8/26/19,Bitcoin
8/25/19,Bitcoin
8/24/19,Bitcoin
8/23/19,Bitcoin
8/22/19,Bitcoin
8/21/19,Bitcoin
8/20/19,Bitcoin
8/19/19,Bitcoin
8/18/19,Bitcoin
8/17/19,Bitcoin
8/16/19,Bitcoin
8/15/19,Bitcoin
8/14/19,Bitcoin
8/13/19,Bitcoin
8/12/19,Bitcoin
8/11/19,Bitcoin
8/10/19,Bitcoin
8/9/19,Bitcoin
8/8/19,Bitcoin
8/7/19,Bitcoin
8/6/19,Bitcoin
8/5/19,Bitcoin
8/4/19,Bitcoin
8/3/19,Bitcoin
8/2/19,Bitcoin
8/1/19,Bitcoin
7/31/19,Bitcoin
7/30/19,Bitcoin
7/29/19,Bitcoin
7/28/19,Bitcoin
7/27/19,Bitcoin
7/26/19,Bitcoin
7/25/19,Bitcoin
7/24/19,Bitcoin
7/23/19,Bitcoin
7/22/19,Bitcoin
7/21/19,Bitcoin
7/20/19,Bitcoin
7/19/19,Bitcoin
7/18/19,Bitcoin
7/17/19,Bitcoin
7/16/19,Bitcoin
7/15/19,Bitcoin
7/14/19,Bitcoin
7/13/19,Bitcoin
7/12/19,Bitcoin
7/11/19,Bitcoin
7/10/19,Bitcoin
7/9/19,Bitcoin
7/8/19,Bitcoin
7/7/19,Bitcoin
7/6/19,Bitcoin
7/5/19,Bitcoin
7/4/19,Bitcoin
7/3/19,Bitcoin
7/2/19,Bitcoin
7/1/19,Bitcoin
6/30/19,Bitcoin
6/29/19,Bitcoin
6/28/19,Bitcoin
6/27/19,Bitcoin
6/26/19,Bitcoin
6/25/19,Bitcoin
6/24/19,Bitcoin
6/23/19,Bitcoin
6/22/19,Bitcoin
6/21/19,Bitcoin
6/20/19,Bitcoin
6/19/19,Bitcoin
6/18/19,Bitcoin
6/17/19,Bitcoin
6/16/19,Bitcoin
6/15/19,Bitcoin
6/14/19,Bitcoin
6/13/19,Bitcoin
6/12/19,Bitcoin
6/11/19,Bitcoin
6/10/19,Bitcoin
6/9/19,Bitcoin
6/8/19,Bitcoin
6/7/19,Bitcoin
6/6/19,Bitcoin
6/5/19,Bitcoin
6/4/19,Bitcoin
6/3/19,Bitcoin
6/2/19,Bitcoin
6/1/19,Bitcoin
5/31/19,Bitcoin
5/30/19,Bitcoin
5/29/19,Bitcoin
5/28/19,Bitcoin
5/27/19,Bitcoin
5/26/19,Bitcoin
5/25/19,Bitcoin
5/24/19,Bitcoin
5/23/19,Bitcoin
5/22/19,Bitcoin
5/21/19,Bitcoin
5/20/19,Bitcoin
5/19/19,Bitcoin
5/18/19,Bitcoin
5/17/19,Bitcoin
5/16/19,Bitcoin
5/15/19,Bitcoin
5/14/19,Bitcoin
5/13/19,Bitcoin
5/12/19,Bitcoin
5/11/19,Bitcoin
5/10/19,Bitcoin
5/9/19,Bitcoin
5/8/19,Bitcoin
5/7/19,Bitcoin
5/6/19,Bitcoin
5/5/19,Bitcoin
5/4/19,Bitcoin
5/3/19,Bitcoin
5/2/19,Bitcoin
5/1/19,Bitcoin
4/30/19,Bitcoin
4/29/19,Bitcoin
4/28/19,Bitcoin
4/27/19,Bitcoin
4/26/19,Bitcoin
4/25/19,Bitcoin
4/24/19,Bitcoin
4/23/19,Bitcoin
4/22/19,Bitcoin
4/21/19,Bitcoin
4/20/19,Bitcoin
4/19/19,Bitcoin
4/18/19,Bitcoin
4/17/19,Bitcoin
4/16/19,Bitcoin
4/15/19,Bitcoin
4/14/19,Bitcoin
4/13/19,Bitcoin
4/12/19,Bitcoin
4/11/19,Bitcoin
4/10/19,Bitcoin
4/9/19,Bitcoin
4/8/19,Bitcoin
4/7/19,Bitcoin
4/6/19,Bitcoin
4/5/19,Bitcoin
4/4/19,Bitcoin
4/3/19,Bitcoin
4/2/19,Bitcoin
4/1/19,Bitcoin
3/31/19,Bitcoin
3/30/19,Bitcoin
3/29/19,Bitcoin
3/28/19,Bitcoin
3/27/19,Bitcoin
3/26/19,Bitcoin
3/25/19,Bitcoin
3/24/19,Bitcoin
3/23/19,Bitcoin
3/22/19,Bitcoin
3/21/19,Bitcoin
3/20/19,Bitcoin
3/19/19,Bitcoin
3/18/19,Bitcoin
3/17/19,Bitcoin
3/16/19,Bitcoin
3/15/19,Bitcoin
3/14/19,Bitcoin
3/13/19,Bitcoin
3/12/19,Bitcoin
3/11/19,Bitcoin
3/10/19,Bitcoin
3/9/19,Bitcoin
3/8/19,Bitcoin
3/7/19,Bitcoin
3/6/19,Bitcoin
3/5/19,Bitcoin
3/4/19,Bitcoin
3/3/19,Bitcoin
3/2/19,Bitcoin
3/1/19,Bitcoin
2/28/19,Bitcoin
2/27/19,Bitcoin
2/26/19,Bitcoin
2/25/19,Bitcoin
2/24/19,Bitcoin
2/23/19,Bitcoin
2/22/19,Bitcoin
2/21/19,Bitcoin
2/20/19,Bitcoin
2/19/19,Bitcoin
2/18/19,Bitcoin
2/17/19,Bitcoin
2/16/19,Bitcoin
2/15/19,Bitcoin
2/14/19,Bitcoin
2/13/19,Bitcoin
2/12/19,Bitcoin
2/11/19,Bitcoin
2/10/19,Bitcoin
2/9/19,Bitcoin
2/8/19,Bitcoin
2/7/19,Bitcoin
2/6/19,Bitcoin
2/5/19,Bitcoin
2/4/19,Bitcoin
2/3/19,Bitcoin
2/2/19,Bitcoin
2/1/19,Bitcoin
1/31/19,Bitcoin
1/30/19,Bitcoin
1/29/19,Bitcoin
1/28/19,Bitcoin
1/27/19,Bitcoin
1/26/19,Bitcoin
1/25/19,Bitcoin
1/24/19,Bitcoin
1/23/19,Bitcoin
1/22/19,Bitcoin
1/21/19,Bitcoin
1/20/19,Bitcoin
1/19/19,Bitcoin
1/18/19,Bitcoin
1/17/19,Bitcoin
1/16/19,Bitcoin
1/15/19,Bitcoin
1/14/19,Bitcoin
1/13/19,Bitcoin
1/12/19,Bitcoin
1/11/19,Bitcoin
1/10/19,Bitcoin
1/9/19,Bitcoin
1/8/19,Bitcoin
1/7/19,Bitcoin
1/6/19,Bitcoin
1/5/19,Bitcoin
1/4/19,Bitcoin
1/3/19,Bitcoin
1/2/19,Bitcoin
1/1/19,Bitcoin
12/31/18,Bitcoin
12/30/18,Bitcoin
12/29/18,Bitcoin
12/28/18,Bitcoin
12/27/18,Bitcoin
12/26/18,Bitcoin
12/25/18,Bitcoin
12/24/18,Bitcoin
12/23/18,Bitcoin
12/22/18,Bitcoin
12/21/18,Bitcoin
12/20/18,Bitcoin
12/19/18,Bitcoin
12/18/18,Bitcoin
12/17/18,Bitcoin
12/16/18,Bitcoin
12/15/18,Bitcoin
12/14/18,Bitcoin
12/13/18,Bitcoin
12/12/18,Bitcoin
12/11/18,Bitcoin
12/10/18,Bitcoin
12/9/18,Bitcoin
12/8/18,Bitcoin
12/7/18,Bitcoin
12/6/18,Bitcoin
12/5/18,Bitcoin
12/4/18,Bitcoin
12/3/18,Bitcoin
12/2/18,Bitcoin
12/1/18,Bitcoin
11/30/18,Bitcoin
11/29/18,Bitcoin
11/28/18,Bitcoin
11/27/18,Bitcoin
11/26/18,Bitcoin
11/25/18,Bitcoin
11/24/18,Bitcoin
11/23/18,Bitcoin
11/22/18,Bitcoin
11/21/18,Bitcoin
11/20/18,Bitcoin
11/19/18,Bitcoin
11/18/18,Bitcoin
11/17/18,Bitcoin
11/16/18,Bitcoin
11/15/18,Bitcoin
11/14/18,Bitcoin
11/13/18,Bitcoin
11/12/18,Bitcoin
11/11/18,Bitcoin
11/10/18,Bitcoin
11/9/18,Bitcoin
11/8/18,Bitcoin
11/7/18,Bitcoin
11/6/18,Bitcoin
11/5/18,Bitcoin
11/4/18,Bitcoin
11/3/18,Bitcoin
11/2/18,Bitcoin
11/1/18,Bitcoin
10/31/18,Bitcoin
10/30/18,Bitcoin
10/29/18,Bitcoin
10/28/18,Bitcoin
10/27/18,Bitcoin
10/26/18,Bitcoin
10/25/18,Bitcoin
10/24/18,Bitcoin
10/23/18,Bitcoin
10/22/18,Bitcoin
10/21/18,Bitcoin
10/20/18,Bitcoin
10/19/18,Bitcoin
10/18/18,Bitcoin
10/17/18,Bitcoin
10/16/18,Bitcoin
10/15/18,Bitcoin
10/14/18,Bitcoin
10/13/18,Bitcoin
10/12/18,Bitcoin
10/11/18,Bitcoin
10/10/18,Bitcoin
10/9/18,Bitcoin
10/8/18,Bitcoin
10/7/18,Bitcoin
10/6/18,Bitcoin
10/5/18,Bitcoin
10/4/18,Bitcoin
10/3/18,Bitcoin
10/2/18,Bitcoin
10/1/18,Bitcoin
9/30/18,Bitcoin
9/29/18,Bitcoin
9/28/18,Bitcoin
9/27/18,Bitcoin
9/26/18,Bitcoin
9/25/18,Bitcoin
9/24/18,Bitcoin
9/23/18,Bitcoin
9/22/18,Bitcoin
9/21/18,Bitcoin
9/20/18,Bitcoin
9/19/18,Bitcoin
9/18/18,Bitcoin
9/17/18,Bitcoin
9/16/18,Bitcoin
9/15/18,Bitcoin
9/14/18,Bitcoin
9/13/18,Bitcoin
9/12/18,Bitcoin
9/11/18,Bitcoin
9/10/18,Bitcoin
9/9/18,Bitcoin
9/8/18,Bitcoin
9/7/18,Bitcoin
9/6/18,Bitcoin
9/5/18,Bitcoin
9/4/18,Bitcoin
9/3/18,Bitcoin
9/2/18,Bitcoin
9/1/18,Bitcoin
8/31/18,Bitcoin
8/30/18,Bitcoin
8/29/18,Bitcoin
8/28/18,Bitcoin
8/27/18,Bitcoin
8/26/18,Bitcoin
8/25/18,Bitcoin
8/24/18,Bitcoin
8/23/18,Bitcoin
8/22/18,Bitcoin
8/21/18,Bitcoin
8/20/18,Bitcoin
8/19/18,Bitcoin
8/18/18,Bitcoin
8/17/18,Bitcoin
8/16/18,Bitcoin
8/15/18,Bitcoin
8/14/18,Bitcoin
8/13/18,Bitcoin
8/12/18,Bitcoin
8/11/18,Bitcoin
8/10/18,Bitcoin
8/9/18,Bitcoin
8/8/18,Bitcoin
8/7/18,Bitcoin
8/6/18,Bitcoin
8/5/18,Bitcoin
8/4/18,Bitcoin
8/3/18,Bitcoin
8/2/18,Bitcoin
8/1/18,Bitcoin
7/31/18,Bitcoin
7/30/18,Bitcoin
7/29/18,Bitcoin
7/28/18,Bitcoin
7/27/18,Bitcoin
7/26/18,Bitcoin
7/25/18,Bitcoin
7/24/18,Bitcoin
7/23/18,Bitcoin
7/22/18,Bitcoin
7/21/18,Bitcoin
7/20/18,Bitcoin
7/19/18,Bitcoin
7/18/18,Bitcoin
7/17/18,Bitcoin
7/16/18,Bitcoin
7/15/18,Bitcoin
7/14/18,Bitcoin
7/13/18,Bitcoin
7/12/18,Bitcoin
7/11/18,Bitcoin
7/10/18,Bitcoin
7/9/18,Bitcoin
7/8/18,Bitcoin
7/7/18,Bitcoin
7/6/18,Bitcoin
7/5/18,Bitcoin
7/4/18,Bitcoin
7/3/18,Bitcoin
7/2/18,Bitcoin
7/1/18,Bitcoin
6/30/18,Bitcoin
6/29/18,Bitcoin
6/28/18,Bitcoin
6/27/18,Bitcoin
6/26/18,Bitcoin
6/25/18,Bitcoin
6/24/18,Bitcoin
6/23/18,Bitcoin
6/22/18,Bitcoin
6/21/18,Bitcoin
6/20/18,Bitcoin
6/19/18,Bitcoin
6/18/18,Bitcoin
6/17/18,Bitcoin
6/16/18,Bitcoin
6/15/18,Bitcoin
6/14/18,Bitcoin
6/13/18,Bitcoin
6/12/18,Bitcoin
6/11/18,Bitcoin
6/10/18,Bitcoin
6/9/18,Bitcoin
6/8/18,Bitcoin
6/7/18,Bitcoin
6/6/18,Bitcoin
6/5/18,Bitcoin
6/4/18,Bitcoin
6/3/18,Bitcoin
6/2/18,Bitcoin
6/1/18,Bitcoin
5/31/18,Bitcoin
5/30/18,Bitcoin
5/29/18,Bitcoin
5/28/18,Bitcoin
5/27/18,Bitcoin
5/26/18,Bitcoin
5/25/18,Bitcoin
5/24/18,Bitcoin
5/23/18,Bitcoin
5/22/18,Bitcoin
5/21/18,Bitcoin
5/20/18,Bitcoin
5/19/18,Bitcoin
5/18/18,Bitcoin
5/17/18,Bitcoin
5/16/18,Bitcoin
5/15/18,Bitcoin
5/14/18,Bitcoin
5/13/18,Bitcoin
5/12/18,Bitcoin
5/11/18,Bitcoin
5/10/18,Bitcoin
5/9/18,Bitcoin
5/8/18,Bitcoin
5/7/18,Bitcoin
5/6/18,Bitcoin
5/5/18,Bitcoin
5/4/18,Bitcoin
5/3/18,Bitcoin
5/2/18,Bitcoin
5/1/18,Bitcoin
4/30/18,Bitcoin
4/29/18,Bitcoin
4/28/18,Bitcoin
4/27/18,Bitcoin
4/26/18,Bitcoin
4/25/18,Bitcoin
4/24/18,Bitcoin
4/23/18,Bitcoin
4/22/18,Bitcoin
4/21/18,Bitcoin
4/20/18,Bitcoin
4/19/18,Bitcoin
4/18/18,Bitcoin
4/17/18,Bitcoin
4/16/18,Bitcoin
4/15/18,Bitcoin
4/14/18,Bitcoin
4/13/18,Bitcoin
4/12/18,Bitcoin
4/11/18,Bitcoin
4/10/18,Bitcoin
4/9/18,Bitcoin
4/8/18,Bitcoin
4/7/18,Bitcoin
4/6/18,Bitcoin
4/5/18,Bitcoin
4/4/18,Bitcoin
4/3/18,Bitcoin
4/2/18,Bitcoin
4/1/18,Bitcoin
3/31/18,Bitcoin
3/30/18,Bitcoin
3/29/18,Bitcoin
3/28/18,Bitcoin
3/27/18,Bitcoin
3/26/18,Bitcoin
3/25/18,Bitcoin
3/24/18,Bitcoin
3/23/18,Bitcoin
3/22/18,Bitcoin
3/21/18,Bitcoin
3/20/18,Bitcoin
3/19/18,Bitcoin
3/18/18,Bitcoin
3/17/18,Bitcoin
3/16/18,Bitcoin
3/15/18,Bitcoin
3/14/18,Bitcoin
3/13/18,Bitcoin
3/12/18,Bitcoin
3/11/18,Bitcoin
3/10/18,Bitcoin
3/9/18,Bitcoin
3/8/18,Bitcoin
3/7/18,Bitcoin
3/6/18,Bitcoin
3/5/18,Bitcoin
3/4/18,Bitcoin
3/3/18,Bitcoin
3/2/18,Bitcoin
3/1/18,Bitcoin
2/28/18,Bitcoin
2/27/18,Bitcoin
2/26/18,Bitcoin
2/25/18,Bitcoin
2/24/18,Bitcoin
2/23/18,Bitcoin
2/22/18,Bitcoin
2/21/18,Bitcoin
2/20/18,Bitcoin
2/19/18,Bitcoin
2/18/18,Bitcoin
2/17/18,Bitcoin
2/16/18,Bitcoin
2/15/18,Bitcoin
2/14/18,Bitcoin
2/13/18,Bitcoin
2/12/18,Bitcoin
2/11/18,Bitcoin
2/10/18,Bitcoin
2/9/18,Bitcoin
2/8/18,Bitcoin
2/7/18,Bitcoin
2/6/18,Bitcoin
2/5/18,Bitcoin
2/4/18,Bitcoin
2/3/18,Bitcoin
2/2/18,Bitcoin
2/1/18,Bitcoin
1/31/18,Bitcoin
1/30/18,Bitcoin
1/29/18,Bitcoin
1/28/18,Bitcoin
1/27/18,Bitcoin
1/26/18,Bitcoin
1/25/18,Bitcoin
1/24/18,Bitcoin
1/23/18,Bitcoin
1/22/18,Bitcoin
1/21/18,Bitcoin
1/20/18,Bitcoin
1/19/18,Bitcoin
1/18/18,Bitcoin
1/17/18,Bitcoin
1/16/18,Bitcoin
1/15/18,Bitcoin
1/14/18,Bitcoin
1/13/18,Bitcoin
1/12/18,Bitcoin
1/11/18,Bitcoin
1/10/18,Bitcoin
1/9/18,Bitcoin
1/8/18,Bitcoin
1/7/18,Bitcoin
1/6/18,Bitcoin
1/5/18,Bitcoin
1/4/18,Bitcoin
1/3/18,Bitcoin
1/2/18,Bitcoin
1/1/18,Bitcoin
12/31/17,Bitcoin
12/30/17,Bitcoin
12/29/17,Bitcoin
12/28/17,Bitcoin
12/27/17,Bitcoin
12/26/17,Bitcoin
12/25/17,Bitcoin
12/24/17,Bitcoin
12/23/17,Bitcoin
12/22/17,Bitcoin
12/21/17,Bitcoin
12/20/17,Bitcoin
12/19/17,Bitcoin
12/18/17,Bitcoin
12/17/17,Bitcoin
12/16/17,Bitcoin
12/15/17,Bitcoin
12/14/17,Bitcoin
12/13/17,Bitcoin
12/12/17,Bitcoin
12/11/17,Bitcoin
12/10/17,Bitcoin
12/9/17,Bitcoin
12/8/17,Bitcoin
12/7/17,Bitcoin
12/6/17,Bitcoin
12/5/17,Bitcoin
12/4/17,Bitcoin
12/3/17,Bitcoin
12/2/17,Bitcoin
12/1/17,Bitcoin
11/30/17,Bitcoin
11/29/17,Bitcoin
11/28/17,Bitcoin
11/27/17,Bitcoin
11/26/17,Bitcoin
11/25/17,Bitcoin
11/24/17,Bitcoin
11/23/17,Bitcoin
11/22/17,Bitcoin
11/21/17,Bitcoin
11/20/17,Bitcoin
11/19/17,Bitcoin
11/18/17,Bitcoin
11/17/17,Bitcoin
11/16/17,Bitcoin
11/15/17,Bitcoin
11/14/17,Bitcoin
11/13/17,Bitcoin
11/12/17,Bitcoin
11/11/17,Bitcoin
11/10/17,Bitcoin
11/9/17,Bitcoin
11/8/17,Bitcoin
11/7/17,Bitcoin
11/6/17,Bitcoin
11/5/17,Bitcoin
11/4/17,Bitcoin
11/3/17,Bitcoin
11/2/17,Bitcoin
11/1/17,Bitcoin
10/31/17,Bitcoin
10/30/17,Bitcoin
10/29/17,Bitcoin
10/28/17,Bitcoin
10/27/17,Bitcoin
10/26/17,Bitcoin
10/25/17,Bitcoin
10/24/17,Bitcoin
10/23/17,Bitcoin
10/22/17,Bitcoin
10/21/17,Bitcoin
10/20/17,Bitcoin
10/19/17,Bitcoin
10/18/17,Bitcoin
10/17/17,Bitcoin
10/16/17,Bitcoin
10/15/17,Bitcoin
10/14/17,Bitcoin
10/13/17,Bitcoin
10/12/17,Bitcoin
10/11/17,Bitcoin
10/10/17,Bitcoin
10/9/17,Bitcoin
10/8/17,Bitcoin
10/7/17,Bitcoin
10/6/17,Bitcoin
10/5/17,Bitcoin
10/4/17,Bitcoin
10/3/17,Bitcoin
10/2/17,Bitcoin
10/1/17,Bitcoin
9/30/17,Bitcoin
9/29/17,Bitcoin
9/28/17,Bitcoin
9/27/17,Bitcoin
9/26/17,Bitcoin
9/25/17,Bitcoin
9/24/17,Bitcoin
9/23/17,Bitcoin
9/22/17,Bitcoin
9/21/17,Bitcoin
9/20/17,Bitcoin
9/19/17,Bitcoin
9/18/17,Bitcoin
9/17/17,Bitcoin
9/16/17,Bitcoin
9/15/17,Bitcoin
9/14/17,Bitcoin
9/13/17,Bitcoin
9/12/17,Bitcoin
9/11/17,Bitcoin
9/10/17,Bitcoin
9/9/17,Bitcoin
9/8/17,Bitcoin
9/7/17,Bitcoin
9/6/17,Bitcoin
9/5/17,Bitcoin
9/4/17,Bitcoin
9/3/17,Bitcoin
9/2/17,Bitcoin
9/1/17,Bitcoin
8/31/17,Bitcoin
8/30/17,Bitcoin
8/29/17,Bitcoin
8/28/17,Bitcoin
8/27/17,Bitcoin
8/26/17,Bitcoin
8/25/17,Bitcoin
8/24/17,Bitcoin
8/23/17,Bitcoin
8/22/17,Bitcoin
8/21/17,Bitcoin
8/20/17,Bitcoin
8/19/17,Bitcoin
8/18/17,Bitcoin
8/17/17,Bitcoin
8/16/17,Bitcoin
8/15/17,Bitcoin
8/14/17,Bitcoin
8/13/17,Bitcoin
8/12/17,Bitcoin
8/11/17,Bitcoin
8/10/17,Bitcoin
8/9/17,Bitcoin
8/8/17,Bitcoin
8/7/17,Bitcoin
8/6/17,Bitcoin
8/5/17,Bitcoin
8/4/17,Bitcoin
8/3/17,Bitcoin
8/2/17,Bitcoin
8/1/17,Bitcoin
7/31/17,Bitcoin
7/30/17,Bitcoin
7/29/17,Bitcoin
7/28/17,Bitcoin
7/27/17,Bitcoin
7/26/17,Bitcoin
7/25/17,Bitcoin
7/24/17,Bitcoin
7/23/17,Bitcoin
7/22/17,Bitcoin
7/21/17,Bitcoin
7/20/17,Bitcoin
7/19/17,Bitcoin
7/18/17,Bitcoin
7/17/17,Bitcoin
7/16/17,Bitcoin
7/15/17,Bitcoin
7/14/17,Bitcoin
7/13/17,Bitcoin
7/12/17,Bitcoin
7/11/17,Bitcoin
7/10/17,Bitcoin
7/9/17,Bitcoin
7/8/17,Bitcoin
7/7/17,Bitcoin
7/6/17,Bitcoin
7/5/17,Bitcoin
7/4/17,Bitcoin
7/3/17,Bitcoin
7/2/17,Bitcoin
7/1/17,Bitcoin
6/30/17,Bitcoin
6/29/17,Bitcoin
6/28/17,Bitcoin
6/27/17,Bitcoin
6/26/17,Bitcoin
6/25/17,Bitcoin
6/24/17,Bitcoin
6/23/17,Bitcoin
6/22/17,Bitcoin
6/21/17,Bitcoin
6/20/17,Bitcoin
6/19/17,Bitcoin
6/18/17,Bitcoin
6/17/17,Bitcoin
6/16/17,Bitcoin
6/15/17,Bitcoin
6/14/17,Bitcoin
6/13/17,Bitcoin
6/12/17,Bitcoin
6/11/17,Bitcoin
6/10/17,Bitcoin
6/9/17,Bitcoin
6/8/17,Bitcoin
6/7/17,Bitcoin
6/6/17,Bitcoin
6/5/17,Bitcoin
6/4/17,Bitcoin
6/3/17,Bitcoin
6/2/17,Bitcoin
6/1/17,Bitcoin
5/31/17,Bitcoin
5/30/17,Bitcoin
5/29/17,Bitcoin
5/28/17,Bitcoin
5/27/17,Bitcoin
5/26/17,Bitcoin
5/25/17,Bitcoin
5/24/17,Bitcoin
5/23/17,Bitcoin
5/22/17,Bitcoin
5/21/17,Bitcoin
5/20/17,Bitcoin
5/19/17,Bitcoin
5/18/17,Bitcoin
5/17/17,Bitcoin
5/16/17,Bitcoin
5/15/17,Bitcoin
5/14/17,Bitcoin
5/13/17,Bitcoin
5/12/17,Bitcoin
5/11/17,Bitcoin
5/10/17,Bitcoin
5/9/17,Bitcoin
5/8/17,Bitcoin
5/7/17,Bitcoin
5/6/17,Bitcoin
5/5/17,Bitcoin
5/4/17,Bitcoin
5/3/17,Bitcoin
5/2/17,Bitcoin
5/1/17,Bitcoin
4/30/17,Bitcoin
4/29/17,Bitcoin
4/28/17,Bitcoin
4/27/17,Bitcoin
4/26/17,Bitcoin
4/25/17,Bitcoin
4/24/17,Bitcoin
4/23/17,Bitcoin
4/22/17,Bitcoin
4/21/17,Bitcoin
4/20/17,Bitcoin
4/19/17,Bitcoin
4/18/17,Bitcoin
4/17/17,Bitcoin
4/16/17,Bitcoin
4/15/17,Bitcoin
4/14/17,Bitcoin
4/13/17,Bitcoin
4/12/17,Bitcoin
4/11/17,Bitcoin
4/10/17,Bitcoin
4/9/17,Bitcoin
4/8/17,Bitcoin
4/7/17,Bitcoin
4/6/17,Bitcoin
4/5/17,Bitcoin
4/4/17,Bitcoin
4/3/17,Bitcoin
4/2/17,Bitcoin
4/1/17,Bitcoin
3/31/17,Bitcoin
3/30/17,Bitcoin
3/29/17,Bitcoin
3/28/17,Bitcoin
3/27/17,Bitcoin
3/26/17,Bitcoin
3/25/17,Bitcoin
3/24/17,Bitcoin
3/23/17,Bitcoin
3/22/17,Bitcoin
3/21/17,Bitcoin
3/20/17,Bitcoin
3/19/17,Bitcoin
3/18/17,Bitcoin
3/17/17,Bitcoin
3/16/17,Bitcoin
3/15/17,Bitcoin
3/14/17,Bitcoin
3/13/17,Bitcoin
3/12/17,Bitcoin
3/11/17,Bitcoin
3/10/17,Bitcoin
3/9/17,Bitcoin
3/8/17,Bitcoin
3/7/17,Bitcoin
3/6/17,Bitcoin
3/5/17,Bitcoin
3/4/17,Bitcoin
3/3/17,Bitcoin
3/2/17,Bitcoin
3/1/17,Bitcoin
2/28/17,Bitcoin
2/27/17,Bitcoin
2/26/17,Bitcoin
2/25/17,Bitcoin
2/24/17,Bitcoin
2/23/17,Bitcoin
2/22/17,Bitcoin
2/21/17,Bitcoin
2/20/17,Bitcoin
2/19/17,Bitcoin
2/18/17,Bitcoin
2/17/17,Bitcoin
2/16/17,Bitcoin
2/15/17,Bitcoin
2/14/17,Bitcoin
2/13/17,Bitcoin
2/12/17,Bitcoin
2/11/17,Bitcoin
2/10/17,Bitcoin
2/9/17,Bitcoin
2/8/17,Bitcoin
2/7/17,Bitcoin
2/6/17,Bitcoin
2/5/17,Bitcoin
2/4/17,Bitcoin
2/3/17,Bitcoin
2/2/17,Bitcoin
2/1/17,Bitcoin
1/31/17,Bitcoin
1/30/17,Bitcoin
1/29/17,Bitcoin
1/28/17,Bitcoin
1/27/17,Bitcoin
1/26/17,Bitcoin
1/25/17,Bitcoin
1/24/17,Bitcoin
1/23/17,Bitcoin
1/22/17,Bitcoin
1/21/17,Bitcoin
1/20/17,Bitcoin
1/19/17,Bitcoin
1/18/17,Bitcoin
1/17/17,Bitcoin
1/16/17,Bitcoin
1/15/17,Bitcoin
1/14/17,Bitcoin
1/13/17,Bitcoin
1/12/17,Bitcoin
1/11/17,Bitcoin
1/10/17,Bitcoin
1/9/17,Bitcoin
1/8/17,Bitcoin
1/7/17,Bitcoin
1/6/17,Bitcoin
1/5/17,Bitcoin
1/4/17,Bitcoin
1/3/17,Bitcoin
1/2/17,Bitcoin
1/1/17,Bitcoin
12/31/16,Bitcoin
12/30/16,Bitcoin
12/29/16,Bitcoin
12/28/16,Bitcoin
12/27/16,Bitcoin
12/26/16,Bitcoin
12/25/16,Bitcoin
12/24/16,Bitcoin
12/23/16,Bitcoin
12/22/16,Bitcoin
12/21/16,Bitcoin
12/20/16,Bitcoin
12/19/16,Bitcoin
12/18/16,Bitcoin
12/17/16,Bitcoin
12/16/16,Bitcoin
12/15/16,Bitcoin
12/14/16,Bitcoin
12/13/16,Bitcoin
12/12/16,Bitcoin
12/11/16,Bitcoin
12/10/16,Bitcoin
12/9/16,Bitcoin
12/8/16,Bitcoin
12/7/16,Bitcoin
12/6/16,Bitcoin
12/5/16,Bitcoin
12/4/16,Bitcoin
12/3/16,Bitcoin
12/2/16,Bitcoin
12/1/16,Bitcoin
11/30/16,Bitcoin
11/29/16,Bitcoin
11/28/16,Bitcoin
11/27/16,Bitcoin
11/26/16,Bitcoin
11/25/16,Bitcoin
11/24/16,Bitcoin
11/23/16,Bitcoin
11/22/16,Bitcoin
11/21/16,Bitcoin
11/20/16,Bitcoin
11/19/16,Bitcoin
11/18/16,Bitcoin
11/17/16,Bitcoin
11/16/16,Bitcoin
11/15/16,Bitcoin
11/14/16,Bitcoin
11/13/16,Bitcoin
11/12/16,Bitcoin
11/11/16,Bitcoin
11/10/16,Bitcoin
11/9/16,Bitcoin
11/8/16,Bitcoin
11/7/16,Bitcoin
11/6/16,Bitcoin
11/5/16,Bitcoin
11/4/16,Bitcoin
11/3/16,Bitcoin
11/2/16,Bitcoin
11/1/16,Bitcoin
10/31/16,Bitcoin
10/30/16,Bitcoin
10/29/16,Bitcoin
10/28/16,Bitcoin
10/27/16,Bitcoin
10/26/16,Bitcoin
10/25/16,Bitcoin
10/24/16,Bitcoin
10/23/16,Bitcoin
10/22/16,Bitcoin
10/21/16,Bitcoin
10/20/16,Bitcoin
10/19/16,Bitcoin
10/18/16,Bitcoin
10/17/16,Bitcoin
10/16/16,Bitcoin
10/15/16,Bitcoin
10/14/16,Bitcoin
10/13/16,Bitcoin
10/12/16,Bitcoin
10/11/16,Bitcoin
10/10/16,Bitcoin
10/9/16,Bitcoin
10/8/16,Bitcoin
10/7/16,Bitcoin
10/6/16,Bitcoin
10/5/16,Bitcoin
10/4/16,Bitcoin
10/3/16,Bitcoin
10/2/16,Bitcoin
10/1/16,Bitcoin
9/30/16,Bitcoin
9/29/16,Bitcoin
9/28/16,Bitcoin
9/27/16,Bitcoin
9/26/16,Bitcoin
9/25/16,Bitcoin
9/24/16,Bitcoin
9/23/16,Bitcoin
9/22/16,Bitcoin
9/21/16,Bitcoin
9/20/16,Bitcoin
9/19/16,Bitcoin
9/18/16,Bitcoin
9/17/16,Bitcoin
9/16/16,Bitcoin
9/15/16,Bitcoin
9/14/16,Bitcoin
9/13/16,Bitcoin
9/12/16,Bitcoin
9/11/16,Bitcoin
9/10/16,Bitcoin
9/9/16,Bitcoin
9/8/16,Bitcoin
9/7/16,Bitcoin
9/6/16,Bitcoin
9/5/16,Bitcoin
9/4/16,Bitcoin
9/3/16,Bitcoin
9/2/16,Bitcoin
9/1/16,Bitcoin
8/31/16,Bitcoin
8/30/16,Bitcoin
8/29/16,Bitcoin
8/28/16,Bitcoin
8/27/16,Bitcoin
8/26/16,Bitcoin
8/25/16,Bitcoin
8/24/16,Bitcoin
8/23/16,Bitcoin
8/22/16,Bitcoin
8/21/16,Bitcoin
8/20/16,Bitcoin
8/19/16,Bitcoin
8/18/16,Bitcoin
8/17/16,Bitcoin
8/16/16,Bitcoin
8/15/16,Bitcoin
8/14/16,Bitcoin
8/13/16,Bitcoin
8/12/16,Bitcoin
8/11/16,Bitcoin
8/10/16,Bitcoin
8/9/16,Bitcoin
8/8/16,Bitcoin
8/7/16,Bitcoin
8/6/16,Bitcoin
8/5/16,Bitcoin
8/4/16,Bitcoin
8/3/16,Bitcoin
8/2/16,Bitcoin
8/1/16,Bitcoin
7/31/16,Bitcoin
7/30/16,Bitcoin
7/29/16,Bitcoin
7/28/16,Bitcoin
7/27/16,Bitcoin
7/26/16,Bitcoin
7/25/16,Bitcoin
7/24/16,Bitcoin
7/23/16,Bitcoin
7/22/16,Bitcoin
7/21/16,Bitcoin
7/20/16,Bitcoin
7/19/16,Bitcoin
7/18/16,Bitcoin
7/17/16,Bitcoin
7/16/16,Bitcoin
7/15/16,Bitcoin
7/14/16,Bitcoin
7/13/16,Bitcoin
7/12/16,Bitcoin
7/11/16,Bitcoin
7/10/16,Bitcoin
7/9/16,Bitcoin
7/8/16,Bitcoin
7/7/16,Bitcoin
7/6/16,Bitcoin
7/5/16,Bitcoin
7/4/16,Bitcoin
7/3/16,Bitcoin
7/2/16,Bitcoin
7/1/16,Bitcoin
6/30/16,Bitcoin
6/29/16,Bitcoin
6/28/16,Bitcoin
6/27/16,Bitcoin
6/26/16,Bitcoin
6/25/16,Bitcoin
6/24/16,Bitcoin
6/23/16,Bitcoin
6/22/16,Bitcoin
6/21/16,Bitcoin
6/20/16,Bitcoin
6/19/16,Bitcoin
6/18/16,Bitcoin
6/17/16,Bitcoin
6/16/16,Bitcoin
6/15/16,Bitcoin
6/14/16,Bitcoin
6/13/16,Bitcoin
6/12/16,Bitcoin
6/11/16,Bitcoin
6/10/16,Bitcoin
6/9/16,Bitcoin
6/8/16,Bitcoin
6/7/16,Bitcoin
6/6/16,Bitcoin
6/5/16,Bitcoin
6/4/16,Bitcoin
6/3/16,Bitcoin
6/2/16,Bitcoin
6/1/16,Bitcoin
5/31/16,Bitcoin
5/30/16,Bitcoin
5/29/16,Bitcoin
5/28/16,Bitcoin
5/27/16,Bitcoin
5/26/16,Bitcoin
5/25/16,Bitcoin
5/24/16,Bitcoin
5/23/16,Bitcoin
5/22/16,Bitcoin
5/21/16,Bitcoin
5/20/16,Bitcoin
5/19/16,Bitcoin
5/18/16,Bitcoin
5/17/16,Bitcoin
5/16/16,Bitcoin
5/15/16,Bitcoin
5/14/16,Bitcoin
5/13/16,Bitcoin
5/12/16,Bitcoin
5/11/16,Bitcoin
5/10/16,Bitcoin
5/9/16,Bitcoin
5/8/16,Bitcoin
5/7/16,Bitcoin
5/6/16,Bitcoin
5/5/16,Bitcoin
5/4/16,Bitcoin
5/3/16,Bitcoin
5/2/16,Bitcoin
5/1/16,Bitcoin
4/30/16,Bitcoin
4/29/16,Bitcoin
4/28/16,Bitcoin
4/27/16,Bitcoin
4/26/16,Bitcoin
4/25/16,Bitcoin
4/24/16,Bitcoin
4/23/16,Bitcoin
4/22/16,Bitcoin
4/21/16,Bitcoin
4/20/16,Bitcoin
4/19/16,Bitcoin
4/18/16,Bitcoin
4/17/16,Bitcoin
4/16/16,Bitcoin
4/15/16,Bitcoin
4/14/16,Bitcoin
4/13/16,Bitcoin
4/12/16,Bitcoin
4/11/16,Bitcoin
4/10/16,Bitcoin
4/9/16,Bitcoin
4/8/16,Bitcoin
4/7/16,Bitcoin
4/6/16,Bitcoin
4/5/16,Bitcoin
4/4/16,Bitcoin
4/3/16,Bitcoin
4/2/16,Bitcoin
4/1/16,Bitcoin
3/31/16,Bitcoin
3/30/16,Bitcoin
3/29/16,Bitcoin
3/28/16,Bitcoin
3/27/16,Bitcoin
3/26/16,Bitcoin
3/25/16,Bitcoin
3/24/16,Bitcoin
3/23/16,Bitcoin
3/22/16,Bitcoin
3/21/16,Bitcoin
3/20/16,Bitcoin
3/19/16,Bitcoin
3/18/16,Bitcoin
3/17/16,Bitcoin
3/16/16,Bitcoin
3/15/16,Bitcoin
3/14/16,Bitcoin
3/13/16,Bitcoin
3/12/16,Bitcoin
3/11/16,Bitcoin
3/10/16,Bitcoin
3/9/16,Bitcoin
3/8/16,Bitcoin
3/7/16,Bitcoin
3/6/16,Bitcoin
3/5/16,Bitcoin
3/4/16,Bitcoin
3/3/16,Bitcoin
3/2/16,Bitcoin
3/1/16,Bitcoin
2/29/16,Bitcoin
2/28/16,Bitcoin
2/27/16,Bitcoin
2/26/16,Bitcoin
2/25/16,Bitcoin
2/24/16,Bitcoin
2/23/16,Bitcoin
2/22/16,Bitcoin
2/21/16,Bitcoin
2/20/16,Bitcoin
2/19/16,Bitcoin
2/18/16,Bitcoin
2/17/16,Bitcoin
2/16/16,Bitcoin
2/15/16,Bitcoin
2/14/16,Bitcoin
2/13/16,Bitcoin
2/12/16,Bitcoin
2/11/16,Bitcoin
2/10/16,Bitcoin
2/9/16,Bitcoin
2/8/16,Bitcoin
2/7/16,Bitcoin
2/6/16,Bitcoin
2/5/16,Bitcoin
2/4/16,Bitcoin
2/3/16,Bitcoin
2/2/16,Bitcoin
2/1/16,Bitcoin
1/31/16,Bitcoin
1/30/16,Bitcoin
1/29/16,Bitcoin
1/28/16,Bitcoin
1/27/16,Bitcoin
1/26/16,Bitcoin
1/25/16,Bitcoin
1/24/16,Bitcoin
1/23/16,Bitcoin
1/22/16,Bitcoin
1/21/16,Bitcoin
1/20/16,Bitcoin
1/19/16,Bitcoin
1/18/16,Bitcoin
1/17/16,Bitcoin
1/16/16,Bitcoin
1/15/16,Bitcoin
1/14/16,Bitcoin
1/13/16,Bitcoin
1/12/16,Bitcoin
1/11/16,Bitcoin
1/10/16,Bitcoin
1/9/16,Bitcoin
1/8/16,Bitcoin
1/7/16,Bitcoin
1/6/16,Bitcoin
1/5/16,Bitcoin
1/4/16,Bitcoin
1/3/16,Bitcoin
1/2/16,Bitcoin
1/1/16,Bitcoin
12/31/15,Bitcoin
12/30/15,Bitcoin
12/29/15,Bitcoin
12/28/15,Bitcoin
12/27/15,Bitcoin
12/26/15,Bitcoin
12/25/15,Bitcoin
12/24/15,Bitcoin
12/23/15,Bitcoin
12/22/15,Bitcoin
12/21/15,Bitcoin
12/20/15,Bitcoin
12/19/15,Bitcoin
12/18/15,Bitcoin
12/17/15,Bitcoin
12/16/15,Bitcoin
12/15/15,Bitcoin
12/14/15,Bitcoin
12/13/15,Bitcoin
12/12/15,Bitcoin
12/11/15,Bitcoin
12/10/15,Bitcoin
12/9/15,Bitcoin
12/8/15,Bitcoin
12/7/15,Bitcoin
12/6/15,Bitcoin
12/5/15,Bitcoin
12/4/15,Bitcoin
12/3/15,Bitcoin
12/2/15,Bitcoin
12/1/15,Bitcoin
11/30/15,Bitcoin
11/29/15,Bitcoin
11/28/15,Bitcoin
11/27/15,Bitcoin
11/26/15,Bitcoin
11/25/15,Bitcoin
11/24/15,Bitcoin
11/23/15,Bitcoin
11/22/15,Bitcoin
11/21/15,Bitcoin
11/20/15,Bitcoin
11/19/15,Bitcoin
11/18/15,Bitcoin
11/17/15,Bitcoin
11/16/15,Bitcoin
11/15/15,Bitcoin
11/14/15,Bitcoin
11/13/15,Bitcoin
11/12/15,Bitcoin
11/11/15,Bitcoin
11/10/15,Bitcoin
11/9/15,Bitcoin
11/8/15,Bitcoin
11/7/15,Bitcoin
11/6/15,Bitcoin
11/5/15,Bitcoin
11/4/15,Bitcoin
11/3/15,Bitcoin
11/2/15,Bitcoin
11/1/15,Bitcoin
10/31/15,Bitcoin
10/30/15,Bitcoin
10/29/15,Bitcoin
10/28/15,Bitcoin
10/27/15,Bitcoin
10/26/15,Bitcoin
10/25/15,Bitcoin
10/24/15,Bitcoin
10/23/15,Bitcoin
10/22/15,Bitcoin
10/21/15,Bitcoin
10/20/15,Bitcoin
10/19/15,Bitcoin
10/18/15,Bitcoin
10/17/15,Bitcoin
10/16/15,Bitcoin
10/15/15,Bitcoin
10/14/15,Bitcoin
10/13/15,Bitcoin
10/12/15,Bitcoin
10/11/15,Bitcoin
10/10/15,Bitcoin
10/9/15,Bitcoin
10/8/15,Bitcoin
10/7/15,Bitcoin
10/6/15,Bitcoin
10/5/15,Bitcoin
10/4/15,Bitcoin
10/3/15,Bitcoin
10/2/15,Bitcoin
10/1/15,Bitcoin
9/30/15,Bitcoin
9/29/15,Bitcoin
9/28/15,Bitcoin
9/27/15,Bitcoin
9/26/15,Bitcoin
9/25/15,Bitcoin
9/24/15,Bitcoin
9/23/15,Bitcoin
9/22/15,Bitcoin
9/21/15,Bitcoin
9/20/15,Bitcoin
9/19/15,Bitcoin
9/18/15,Bitcoin
9/17/15,Bitcoin
9/16/15,Bitcoin
9/15/15,Bitcoin
9/14/15,Bitcoin
9/13/15,Bitcoin
9/12/15,Bitcoin
9/11/15,Bitcoin
9/10/15,Bitcoin
9/9/15,Bitcoin
9/8/15,Bitcoin
9/7/15,Bitcoin
9/6/15,Bitcoin
9/5/15,Bitcoin
9/4/15,Bitcoin
9/3/15,Bitcoin
9/2/15,Bitcoin
9/1/15,Bitcoin
8/31/15,Bitcoin
8/30/15,Bitcoin
8/29/15,Bitcoin
8/28/15,Bitcoin
8/27/15,Bitcoin
8/26/15,Bitcoin
8/25/15,Bitcoin
8/24/15,Bitcoin
8/23/15,Bitcoin
8/22/15,Bitcoin
8/21/15,Bitcoin
8/20/15,Bitcoin
8/19/15,Bitcoin
8/18/15,Bitcoin
8/17/15,Bitcoin
8/16/15,Bitcoin
8/15/15,Bitcoin
8/14/15,Bitcoin
8/13/15,Bitcoin
8/12/15,Bitcoin
8/11/15,Bitcoin
8/10/15,Bitcoin
8/9/15,Bitcoin
8/8/15,Bitcoin
8/7/15,Bitcoin
8/6/15,Bitcoin
8/5/15,Bitcoin
8/4/15,Bitcoin
8/3/15,Bitcoin
8/2/15,Bitcoin
8/1/15,Bitcoin
7/31/15,Bitcoin
7/30/15,Bitcoin
7/29/15,Bitcoin
7/28/15,Bitcoin
7/27/15,Bitcoin
7/26/15,Bitcoin
7/25/15,Bitcoin
7/24/15,Bitcoin
7/23/15,Bitcoin
7/22/15,Bitcoin
7/21/15,Bitcoin
7/20/15,Bitcoin
7/19/15,Bitcoin
7/18/15,Bitcoin
7/17/15,Bitcoin
7/16/15,Bitcoin
7/15/15,Bitcoin
7/14/15,Bitcoin
7/13/15,Bitcoin
7/12/15,Bitcoin
7/11/15,Bitcoin
7/10/15,Bitcoin
7/9/15,Bitcoin
7/8/15,Bitcoin
7/7/15,Bitcoin
7/6/15,Bitcoin
7/5/15,Bitcoin
7/4/15,Bitcoin
7/3/15,Bitcoin
7/2/15,Bitcoin
7/1/15,Bitcoin
6/30/15,Bitcoin
6/29/15,Bitcoin
6/28/15,Bitcoin
6/27/15,Bitcoin
6/26/15,Bitcoin
6/25/15,Bitcoin
6/24/15,Bitcoin
6/23/15,Bitcoin
6/22/15,Bitcoin
6/21/15,Bitcoin
6/20/15,Bitcoin
6/19/15,Bitcoin
6/18/15,Bitcoin
6/17/15,Bitcoin
6/16/15,Bitcoin
6/15/15,Bitcoin
6/14/15,Bitcoin
6/13/15,Bitcoin
6/12/15,Bitcoin
6/11/15,Bitcoin
6/10/15,Bitcoin
6/9/15,Bitcoin
6/8/15,Bitcoin
6/7/15,Bitcoin
6/6/15,Bitcoin
6/5/15,Bitcoin
6/4/15,Bitcoin
6/3/15,Bitcoin
6/2/15,Bitcoin
6/1/15,Bitcoin
5/31/15,Bitcoin
5/30/15,Bitcoin
5/29/15,Bitcoin
5/28/15,Bitcoin
5/27/15,Bitcoin
5/26/15,Bitcoin
5/25/15,Bitcoin
5/24/15,Bitcoin
5/23/15,Bitcoin
5/22/15,Bitcoin
5/21/15,Bitcoin
5/20/15,Bitcoin
5/19/15,Bitcoin
5/18/15,Bitcoin
5/17/15,Bitcoin
5/16/15,Bitcoin
5/15/15,Bitcoin
5/14/15,Bitcoin
5/13/15,Bitcoin
5/12/15,Bitcoin
5/11/15,Bitcoin
5/10/15,Bitcoin
5/9/15,Bitcoin
5/8/15,Bitcoin
5/7/15,Bitcoin
5/6/15,Bitcoin
5/5/15,Bitcoin
5/4/15,Bitcoin
5/3/15,Bitcoin
5/2/15,Bitcoin
5/1/15,Bitcoin
4/30/15,Bitcoin
4/29/15,Bitcoin
4/28/15,Bitcoin
4/27/15,Bitcoin
4/26/15,Bitcoin
4/25/15,Bitcoin
4/24/15,Bitcoin
4/23/15,Bitcoin
4/22/15,Bitcoin
4/21/15,Bitcoin
4/20/15,Bitcoin
4/19/15,Bitcoin
4/18/15,Bitcoin
4/17/15,Bitcoin
4/16/15,Bitcoin
4/15/15,Bitcoin
4/14/15,Bitcoin
4/13/15,Bitcoin
4/12/15,Bitcoin
4/11/15,Bitcoin
4/10/15,Bitcoin
4/9/15,Bitcoin
4/8/15,Bitcoin
4/7/15,Bitcoin
4/6/15,Bitcoin
4/5/15,Bitcoin
4/4/15,Bitcoin
4/3/15,Bitcoin
4/2/15,Bitcoin
4/1/15,Bitcoin
3/31/15,Bitcoin
3/30/15,Bitcoin
3/29/15,Bitcoin
3/28/15,Bitcoin
3/27/15,Bitcoin
3/26/15,Bitcoin
3/25/15,Bitcoin
3/24/15,Bitcoin
3/23/15,Bitcoin
3/22/15,Bitcoin
3/21/15,Bitcoin
3/20/15,Bitcoin
3/19/15,Bitcoin
3/18/15,Bitcoin
3/17/15,Bitcoin
3/16/15,Bitcoin
3/15/15,Bitcoin
3/14/15,Bitcoin
3/13/15,Bitcoin
3/12/15,Bitcoin
3/11/15,Bitcoin
3/10/15,Bitcoin
3/9/15,Bitcoin
3/8/15,Bitcoin
3/7/15,Bitcoin
3/6/15,Bitcoin
3/5/15,Bitcoin
3/4/15,Bitcoin
3/3/15,Bitcoin
3/2/15,Bitcoin
3/1/15,Bitcoin
2/28/15,Bitcoin
2/27/15,Bitcoin
2/26/15,Bitcoin
2/25/15,Bitcoin
2/24/15,Bitcoin
2/23/15,Bitcoin
2/22/15,Bitcoin
2/21/15,Bitcoin
2/20/15,Bitcoin
2/19/15,Bitcoin
2/18/15,Bitcoin
2/17/15,Bitcoin
2/16/15,Bitcoin
2/15/15,Bitcoin
2/14/15,Bitcoin
2/13/15,Bitcoin
2/12/15,Bitcoin
2/11/15,Bitcoin
2/10/15,Bitcoin
2/9/15,Bitcoin
2/8/15,Bitcoin
2/7/15,Bitcoin
2/6/15,Bitcoin
2/5/15,Bitcoin
2/4/15,Bitcoin
2/3/15,Bitcoin
2/2/15,Bitcoin
2/1/15,Bitcoin
1/31/15,Bitcoin
1/30/15,Bitcoin
1/29/15,Bitcoin
1/28/15,Bitcoin
1/27/15,Bitcoin
1/26/15,Bitcoin
1/25/15,Bitcoin
1/24/15,Bitcoin
1/23/15,Bitcoin
1/22/15,Bitcoin
1/21/15,Bitcoin
1/20/15,Bitcoin
1/19/15,Bitcoin
1/18/15,Bitcoin
1/17/15,Bitcoin
1/16/15,Bitcoin
1/15/15,Bitcoin
1/14/15,Bitcoin
1/13/15,Bitcoin
1/12/15,Bitcoin
1/11/15,Bitcoin
1/10/15,Bitcoin
1/9/15,Bitcoin
1/8/15,Bitcoin
1/7/15,Bitcoin
1/6/15,Bitcoin
1/5/15,Bitcoin
1/4/15,Bitcoin
1/3/15,Bitcoin
1/2/15,Bitcoin
1/1/15,Bitcoin
12/31/14,Bitcoin
12/30/14,Bitcoin
12/29/14,Bitcoin
12/28/14,Bitcoin
12/27/14,Bitcoin
12/26/14,Bitcoin
12/25/14,Bitcoin
12/24/14,Bitcoin
12/23/14,Bitcoin
12/22/14,Bitcoin
12/21/14,Bitcoin
12/20/14,Bitcoin
12/19/14,Bitcoin
12/18/14,Bitcoin
12/17/14,Bitcoin
12/16/14,Bitcoin
12/15/14,Bitcoin
12/14/14,Bitcoin
12/13/14,Bitcoin
12/12/14,Bitcoin
12/11/14,Bitcoin
12/10/14,Bitcoin
12/9/14,Bitcoin
12/8/14,Bitcoin
12/7/14,Bitcoin
12/6/14,Bitcoin
12/5/14,Bitcoin
12/4/14,Bitcoin
12/3/14,Bitcoin
12/2/14,Bitcoin
12/1/14,Bitcoin
11/30/14,Bitcoin
11/29/14,Bitcoin
11/28/14,Bitcoin
11/27/14,Bitcoin
11/26/14,Bitcoin
11/25/14,Bitcoin
11/24/14,Bitcoin
11/23/14,Bitcoin
11/22/14,Bitcoin
11/21/14,Bitcoin
11/20/14,Bitcoin
11/19/14,Bitcoin
11/18/14,Bitcoin
11/17/14,Bitcoin
11/16/14,Bitcoin
11/15/14,Bitcoin
11/14/14,Bitcoin
11/13/14,Bitcoin
11/12/14,Bitcoin
11/11/14,Bitcoin
11/10/14,Bitcoin
11/9/14,Bitcoin
11/8/14,Bitcoin
11/7/14,Bitcoin
11/6/14,Bitcoin
11/5/14,Bitcoin
11/4/14,Bitcoin
11/3/14,Bitcoin
11/2/14,Bitcoin
11/1/14,Bitcoin
10/31/14,Bitcoin
10/30/14,Bitcoin
10/29/14,Bitcoin
10/28/14,Bitcoin
10/27/14,Bitcoin
10/26/14,Bitcoin
10/25/14,Bitcoin
10/24/14,Bitcoin
10/23/14,Bitcoin
10/22/14,Bitcoin
10/21/14,Bitcoin
10/20/14,Bitcoin
10/19/14,Bitcoin
10/18/14,Bitcoin
10/17/14,Bitcoin
10/16/14,Bitcoin
10/15/14,Bitcoin
10/14/14,Bitcoin
10/13/14,Bitcoin
10/12/14,Bitcoin
10/11/14,Bitcoin
10/10/14,Bitcoin
10/9/14,Bitcoin
10/8/14,Bitcoin
10/7/14,Bitcoin
10/6/14,Bitcoin
10/5/14,Bitcoin
10/4/14,Bitcoin
10/3/14,Bitcoin
10/2/14,Bitcoin
10/1/14,Bitcoin
9/30/14,Bitcoin
9/29/14,Bitcoin
9/28/14,Bitcoin
9/27/14,Bitcoin
9/26/14,Bitcoin
9/25/14,Bitcoin
9/24/14,Bitcoin
9/23/14,Bitcoin
9/22/14,Bitcoin
9/21/14,Bitcoin
9/20/14,Bitcoin
9/19/14,Bitcoin
9/18/14,Bitcoin
9/17/14,Bitcoin
9/16/14,Bitcoin
9/15/14,Bitcoin
9/14/14,Bitcoin
9/13/14,Bitcoin
9/12/14,Bitcoin
9/11/14,Bitcoin
9/10/14,Bitcoin
9/9/14,Bitcoin
9/8/14,Bitcoin
9/7/14,Bitcoin
9/6/14,Bitcoin
9/5/14,Bitcoin
9/4/14,Bitcoin
9/3/14,Bitcoin
9/2/14,Bitcoin
9/1/14,Bitcoin
8/31/14,Bitcoin
8/30/14,Bitcoin
8/29/14,Bitcoin
8/28/14,Bitcoin
8/27/14,Bitcoin
8/26/14,Bitcoin
8/25/14,Bitcoin
8/24/14,Bitcoin
8/23/14,Bitcoin
8/22/14,Bitcoin
8/21/14,Bitcoin
8/20/14,Bitcoin
8/19/14,Bitcoin
8/18/14,Bitcoin
8/17/14,Bitcoin
8/16/14,Bitcoin
8/15/14,Bitcoin
8/14/14,Bitcoin
8/13/14,Bitcoin
8/12/14,Bitcoin
8/11/14,Bitcoin
8/10/14,Bitcoin
8/9/14,Bitcoin
8/8/14,Bitcoin
8/7/14,Bitcoin
8/6/14,Bitcoin
8/5/14,Bitcoin
8/4/14,Bitcoin
8/3/14,Bitcoin
8/2/14,Bitcoin
8/1/14,Bitcoin
7/31/14,Bitcoin
7/30/14,Bitcoin
7/29/14,Bitcoin
7/28/14,Bitcoin
7/27/14,Bitcoin
7/26/14,Bitcoin
7/25/14,Bitcoin
7/24/14,Bitcoin
7/23/14,Bitcoin
7/22/14,Bitcoin
7/21/14,Bitcoin
7/20/14,Bitcoin
7/19/14,Bitcoin
7/18/14,Bitcoin
7/17/14,Bitcoin
7/16/14,Bitcoin
7/15/14,Bitcoin
7/14/14,Bitcoin
7/13/14,Bitcoin
7/12/14,Bitcoin
7/11/14,Bitcoin
7/10/14,Bitcoin
7/9/14,Bitcoin
7/8/14,Bitcoin
7/7/14,Bitcoin
7/6/14,Bitcoin
7/5/14,Bitcoin
7/4/14,Bitcoin
7/3/14,Bitcoin
7/2/14,Bitcoin
7/1/14,Bitcoin
6/30/14,Bitcoin
6/29/14,Bitcoin
6/28/14,Bitcoin
6/27/14,Bitcoin
6/26/14,Bitcoin
6/25/14,Bitcoin
6/24/14,Bitcoin
6/23/14,Bitcoin
6/22/14,Bitcoin
6/21/14,Bitcoin
6/20/14,Bitcoin
6/19/14,Bitcoin
6/18/14,Bitcoin
6/17/14,Bitcoin
6/16/14,Bitcoin
6/15/14,Bitcoin
6/14/14,Bitcoin
6/13/14,Bitcoin
6/12/14,Bitcoin
6/11/14,Bitcoin
6/10/14,Bitcoin
6/9/14,Bitcoin
6/8/14,Bitcoin
6/7/14,Bitcoin
6/6/14,Bitcoin
6/5/14,Bitcoin
6/4/14,Bitcoin
6/3/14,Bitcoin
6/2/14,Bitcoin
6/1/14,Bitcoin
5/31/14,Bitcoin
5/30/14,Bitcoin
5/29/14,Bitcoin
5/28/14,Bitcoin
5/27/14,Bitcoin
5/26/14,Bitcoin
5/25/14,Bitcoin
5/24/14,Bitcoin
5/23/14,Bitcoin
5/22/14,Bitcoin
5/21/14,Bitcoin
5/20/14,Bitcoin
5/19/14,Bitcoin
5/18/14,Bitcoin
5/17/14,Bitcoin
5/16/14,Bitcoin
5/15/14,Bitcoin
5/14/14,Bitcoin
5/13/14,Bitcoin
5/12/14,Bitcoin
5/11/14,Bitcoin
5/10/14,Bitcoin
5/9/14,Bitcoin
5/8/14,Bitcoin
5/7/14,Bitcoin
5/6/14,Bitcoin
5/5/14,Bitcoin
5/4/14,Bitcoin
5/3/14,Bitcoin
5/2/14,Bitcoin
5/1/14,Bitcoin
4/30/14,Bitcoin
4/29/14,Bitcoin
4/28/14,Bitcoin
4/27/14,Bitcoin
4/26/14,Bitcoin
4/25/14,Bitcoin
4/24/14,Bitcoin
4/23/14,Bitcoin
4/22/14,Bitcoin
4/21/14,Bitcoin
4/20/14,Bitcoin
4/19/14,Bitcoin
4/18/14,Bitcoin
4/17/14,Bitcoin
4/16/14,Bitcoin
4/15/14,Bitcoin
4/14/14,Bitcoin
4/13/14,Bitcoin
4/12/14,Bitcoin
4/11/14,Bitcoin
4/10/14,Bitcoin
4/9/14,Bitcoin
4/8/14,Bitcoin
4/7/14,Bitcoin
4/6/14,Bitcoin
4/5/14,Bitcoin
4/4/14,Bitcoin
4/3/14,Bitcoin
4/2/14,Bitcoin
4/1/14,Bitcoin
3/31/14,Bitcoin
3/30/14,Bitcoin
3/29/14,Bitcoin
3/28/14,Bitcoin
3/27/14,Bitcoin
3/26/14,Bitcoin
3/25/14,Bitcoin
3/24/14,Bitcoin
3/23/14,Bitcoin
3/22/14,Bitcoin
3/21/14,Bitcoin
3/20/14,Bitcoin
3/19/14,Bitcoin
3/18/14,Bitcoin
3/17/14,Bitcoin
3/16/14,Bitcoin
3/15/14,Bitcoin
3/14/14,Bitcoin
3/13/14,Bitcoin
3/12/14,Bitcoin
3/11/14,Bitcoin
3/10/14,Bitcoin
3/9/14,Bitcoin
3/8/14,Bitcoin
3/7/14,Bitcoin
3/6/14,Bitcoin
3/5/14,Bitcoin
3/4/14,Bitcoin
3/3/14,Bitcoin
3/2/14,Bitcoin
3/1/14,Bitcoin
2/28/14,Bitcoin
2/27/14,Bitcoin
2/26/14,Bitcoin
2/25/14,Bitcoin
2/24/14,Bitcoin
2/23/14,Bitcoin
2/22/14,Bitcoin
2/21/14,Bitcoin
2/20/14,Bitcoin
2/19/14,Bitcoin
2/18/14,Bitcoin
2/17/14,Bitcoin
2/16/14,Bitcoin
2/15/14,Bitcoin
2/14/14,Bitcoin
2/13/14,Bitcoin
2/12/14,Bitcoin
2/11/14,Bitcoin
2/10/14,Bitcoin
2/9/14,Bitcoin
2/8/14,Bitcoin
2/7/14,Bitcoin
2/6/14,Bitcoin
2/5/14,Bitcoin
2/4/14,Bitcoin
2/3/14,Bitcoin
2/2/14,Bitcoin
2/1/14,Bitcoin
1/31/14,Bitcoin
1/30/14,Bitcoin
1/29/14,Bitcoin
1/28/14,Bitcoin
1/27/14,Bitcoin
1/26/14,Bitcoin
1/25/14,Bitcoin
1/24/14,Bitcoin
1/23/14,Bitcoin
1/22/14,Bitcoin
1/21/14,Bitcoin
1/20/14,Bitcoin
1/19/14,Bitcoin
1/18/14,Bitcoin
1/17/14,Bitcoin
1/16/14,Bitcoin
1/15/14,Bitcoin
1/14/14,Bitcoin
1/13/14,Bitcoin
1/12/14,Bitcoin
1/11/14,Bitcoin
1/10/14,Bitcoin
1/9/14,Bitcoin
1/8/14,Bitcoin
1/7/14,Bitcoin
1/6/14,Bitcoin
1/5/14,Bitcoin
1/4/14,Bitcoin
1/3/14,Bitcoin
1/2/14,Bitcoin
1/1/14,Bitcoin
12/31/13,Bitcoin
12/30/13,Bitcoin
12/29/13,Bitcoin
12/28/13,Bitcoin
12/27/13,Bitcoin
12/26/13,Bitcoin
12/25/13,Bitcoin
12/24/13,Bitcoin
12/23/13,Bitcoin
12/22/13,Bitcoin
12/21/13,Bitcoin
12/20/13,Bitcoin
12/19/13,Bitcoin
12/18/13,Bitcoin
12/17/13,Bitcoin
12/16/13,Bitcoin
12/15/13,Bitcoin
12/14/13,Bitcoin
12/13/13,Bitcoin
12/12/13,Bitcoin
12/11/13,Bitcoin
12/10/13,Bitcoin
12/9/13,Bitcoin
12/8/13,Bitcoin
12/7/13,Bitcoin
12/6/13,Bitcoin
12/5/13,Bitcoin
12/4/13,Bitcoin
12/3/13,Bitcoin
12/2/13,Bitcoin
12/1/13,Bitcoin
11/30/13,Bitcoin
11/29/13,Bitcoin
11/28/13,Bitcoin
11/27/13,Bitcoin
11/26/13,Bitcoin
11/25/13,Bitcoin
11/24/13,Bitcoin
11/23/13,Bitcoin
11/22/13,Bitcoin
11/21/13,Bitcoin
11/20/13,Bitcoin
11/19/13,Bitcoin
11/18/13,Bitcoin
11/17/13,Bitcoin
11/16/13,Bitcoin
11/15/13,Bitcoin
11/14/13,Bitcoin
11/13/13,Bitcoin
11/12/13,Bitcoin
11/11/13,Bitcoin
11/10/13,Bitcoin
11/9/13,Bitcoin
11/8/13,Bitcoin
11/7/13,Bitcoin
11/6/13,Bitcoin
11/5/13,Bitcoin
11/4/13,Bitcoin
11/3/13,Bitcoin
11/2/13,Bitcoin
11/1/13,Bitcoin
10/31/13,Bitcoin
10/30/13,Bitcoin
10/29/13,Bitcoin
10/28/13,Bitcoin
10/27/13,Bitcoin
10/26/13,Bitcoin
10/25/13,Bitcoin
10/24/13,Bitcoin
10/23/13,Bitcoin
10/22/13,Bitcoin
10/21/13,Bitcoin
10/20/13,Bitcoin
10/19/13,Bitcoin
10/18/13,Bitcoin
10/17/13,Bitcoin
10/16/13,Bitcoin
10/15/13,Bitcoin
10/14/13,Bitcoin
10/13/13,Bitcoin
10/12/13,Bitcoin
10/11/13,Bitcoin
10/10/13,Bitcoin
10/9/13,Bitcoin
10/8/13,Bitcoin
10/7/13,Bitcoin
10/6/13,Bitcoin
10/5/13,Bitcoin
10/4/13,Bitcoin
10/3/13,Bitcoin
10/2/13,Bitcoin
10/1/13,Bitcoin
9/30/13,Bitcoin
9/29/13,Bitcoin
9/28/13,Bitcoin
9/27/13,Bitcoin
9/26/13,Bitcoin
9/25/13,Bitcoin
9/24/13,Bitcoin
9/23/13,Bitcoin
9/22/13,Bitcoin
9/21/13,Bitcoin
9/20/13,Bitcoin
9/19/13,Bitcoin
9/18/13,Bitcoin
9/17/13,Bitcoin
9/16/13,Bitcoin
9/15/13,Bitcoin
9/14/13,Bitcoin
9/13/13,Bitcoin
9/12/13,Bitcoin
9/11/13,Bitcoin
9/10/13,Bitcoin
9/9/13,Bitcoin
9/8/13,Bitcoin
9/7/13,Bitcoin
9/6/13,Bitcoin
9/5/13,Bitcoin
9/4/13,Bitcoin
9/3/13,Bitcoin
9/2/13,Bitcoin
9/1/13,Bitcoin
8/31/13,Bitcoin
8/30/13,Bitcoin
8/29/13,Bitcoin
8/28/13,Bitcoin
8/27/13,Bitcoin
8/26/13,Bitcoin
8/25/13,Bitcoin
8/24/13,Bitcoin
8/23/13,Bitcoin
8/22/13,Bitcoin
8/21/13,Bitcoin
8/20/13,Bitcoin
8/19/13,Bitcoin
8/18/13,Bitcoin
8/17/13,Bitcoin
8/16/13,Bitcoin
8/15/13,Bitcoin
8/14/13,Bitcoin
8/13/13,Bitcoin
8/12/13,Bitcoin
8/11/13,Bitcoin
8/10/13,Bitcoin
8/9/13,Bitcoin
8/8/13,Bitcoin
8/7/13,Bitcoin
8/6/13,Bitcoin
8/5/13,Bitcoin
8/4/13,Bitcoin
8/3/13,Bitcoin
8/2/13,Bitcoin
8/1/13,Bitcoin
7/31/13,Bitcoin
7/30/13,Bitcoin
7/29/13,Bitcoin
7/28/13,Bitcoin
7/27/13,Bitcoin
7/26/13,Bitcoin
7/25/13,Bitcoin
7/24/13,Bitcoin
7/23/13,Bitcoin
7/22/13,Bitcoin
7/21/13,Bitcoin
7/20/13,Bitcoin
7/19/13,Bitcoin
7/18/13,Bitcoin
7/17/13,Bitcoin
7/16/13,Bitcoin
7/15/13,Bitcoin
7/14/13,Bitcoin
7/13/13,Bitcoin
7/12/13,Bitcoin
7/11/13,Bitcoin
7/10/13,Bitcoin
7/9/13,Bitcoin
7/8/13,Bitcoin
7/7/13,Bitcoin
7/6/13,Bitcoin
7/5/13,Bitcoin
7/4/13,Bitcoin
7/3/13,Bitcoin
7/2/13,Bitcoin
7/1/13,Bitcoin
6/30/13,Bitcoin
6/29/13,Bitcoin
6/28/13,Bitcoin
6/27/13,Bitcoin
6/26/13,Bitcoin
6/25/13,Bitcoin
6/24/13,Bitcoin
6/23/13,Bitcoin
6/22/13,Bitcoin
6/21/13,Bitcoin
6/20/13,Bitcoin
6/19/13,Bitcoin
6/18/13,Bitcoin
6/17/13,Bitcoin
6/16/13,Bitcoin
6/15/13,Bitcoin
6/14/13,Bitcoin
6/13/13,Bitcoin
6/12/13,Bitcoin
6/11/13,Bitcoin
6/10/13,Bitcoin
6/9/13,Bitcoin
6/8/13,Bitcoin
6/7/13,Bitcoin
6/6/13,Bitcoin
6/5/13,Bitcoin
6/4/13,Bitcoin
6/3/13,Bitcoin
6/2/13,Bitcoin
6/1/13,Bitcoin
5/31/13,Bitcoin
5/30/13,Bitcoin
5/29/13,Bitcoin
5/28/13,Bitcoin
5/27/13,Bitcoin
5/26/13,Bitcoin
5/25/13,Bitcoin
5/24/13,Bitcoin
5/23/13,Bitcoin
5/22/13,Bitcoin
5/21/13,Bitcoin
5/20/13,Bitcoin
5/19/13,Bitcoin
5/18/13,Bitcoin
5/17/13,Bitcoin
5/16/13,Bitcoin
5/15/13,Bitcoin
5/14/13,Bitcoin
5/13/13,Bitcoin
5/12/13,Bitcoin
5/11/13,Bitcoin
5/10/13,Bitcoin
5/9/13,Bitcoin
5/8/13,Bitcoin
5/7/13,Bitcoin
5/6/13,Bitcoin
5/5/13,Bitcoin
5/4/13,Bitcoin
5/3/13,Bitcoin
5/2/13,Bitcoin
5/1/13,Bitcoin
4/30/13,Bitcoin
4/29/13,Bitcoin
4/28/13,Bitcoin
4/27/13,Bitcoin
4/26/13,Bitcoin
4/25/13,Bitcoin
4/24/13,Bitcoin
4/23/13,Bitcoin
4/22/13,Bitcoin
4/21/13,Bitcoin
4/20/13,Bitcoin
4/19/13,Bitcoin
4/18/13,Bitcoin
4/17/13,Bitcoin
4/16/13,Bitcoin
4/15/13,Bitcoin
4/14/13,Bitcoin
4/13/13,Bitcoin
4/12/13,Bitcoin
4/11/13,Bitcoin
4/10/13,Bitcoin
4/9/13,Bitcoin
4/8/13,Bitcoin
4/7/13,Bitcoin
4/6/13,Bitcoin
4/5/13,Bitcoin
4/4/13,Bitcoin
4/3/13,Bitcoin
4/2/13,Bitcoin
4/1/13,Bitcoin
3/31/13,Bitcoin
3/30/13,Bitcoin
3/29/13,Bitcoin
3/28/13,Bitcoin
3/27/13,Bitcoin
3/26/13,Bitcoin
3/25/13,Bitcoin
3/24/13,Bitcoin
3/23/13,Bitcoin
3/22/13,Bitcoin
3/21/13,Bitcoin
3/20/13,Bitcoin
3/19/13,Bitcoin
3/18/13,Bitcoin
3/17/13,Bitcoin
3/16/13,Bitcoin
3/15/13,Bitcoin
3/14/13,Bitcoin
3/13/13,Bitcoin
3/12/13,Bitcoin
3/11/13,Bitcoin
3/10/13,Bitcoin
3/9/13,Bitcoin
3/8/13,Bitcoin
3/7/13,Bitcoin
3/6/13,Bitcoin
3/5/13,Bitcoin
3/4/13,Bitcoin
3/3/13,Bitcoin
3/2/13,Bitcoin
3/1/13,Bitcoin
2/28/13,Bitcoin
2/27/13,Bitcoin
2/26/13,Bitcoin
2/25/13,Bitcoin
2/24/13,Bitcoin
2/23/13,Bitcoin
2/22/13,Bitcoin
2/21/13,Bitcoin
2/20/13,Bitcoin
2/19/13,Bitcoin
2/18/13,Bitcoin
2/17/13,Bitcoin
2/16/13,Bitcoin
2/15/13,Bitcoin
2/14/13,Bitcoin
2/13/13,Bitcoin
2/12/13,Bitcoin
2/11/13,Bitcoin
2/10/13,Bitcoin
2/9/13,Bitcoin
2/8/13,Bitcoin
2/7/13,Bitcoin
2/6/13,Bitcoin
2/5/13,Bitcoin
2/4/13,Bitcoin
2/3/13,Bitcoin
2/2/13,Bitcoin
2/1/13,Bitcoin
1/31/13,Bitcoin
1/30/13,Bitcoin
1/29/13,Bitcoin
1/28/13,Bitcoin
1/27/13,Bitcoin
1/26/13,Bitcoin
1/25/13,Bitcoin
1/24/13,Bitcoin
1/23/13,Bitcoin
1/22/13,Bitcoin
1/21/13,Bitcoin
1/20/13,Bitcoin
1/19/13,Bitcoin
1/18/13,Bitcoin
1/17/13,Bitcoin
1/16/13,Bitcoin
1/15/13,Bitcoin
1/14/13,Bitcoin
1/13/13,Bitcoin
1/12/13,Bitcoin
1/11/13,Bitcoin
1/10/13,Bitcoin
1/9/13,Bitcoin
1/8/13,Bitcoin
1/7/13,Bitcoin
1/6/13,Bitcoin
1/5/13,Bitcoin
1/4/13,Bitcoin
1/3/13,Bitcoin
1/2/13,Bitcoin
1/1/13,Bitcoin
12/31/12,Bitcoin
12/30/12,Bitcoin
12/29/12,Bitcoin
12/28/12,Bitcoin
12/27/12,Bitcoin
12/26/12,Bitcoin
12/25/12,Bitcoin
12/24/12,Bitcoin
12/23/12,Bitcoin
12/22/12,Bitcoin
12/21/12,Bitcoin
12/20/12,Bitcoin
12/19/12,Bitcoin
12/18/12,Bitcoin
12/17/12,Bitcoin
12/16/12,Bitcoin
12/15/12,Bitcoin
12/14/12,Bitcoin
12/13/12,Bitcoin
12/12/12,Bitcoin
12/11/12,Bitcoin
12/10/12,Bitcoin
12/9/12,Bitcoin
12/8/12,Bitcoin
12/7/12,Bitcoin
12/6/12,Bitcoin
12/5/12,Bitcoin
12/4/12,Bitcoin
12/3/12,Bitcoin
12/2/12,Bitcoin
12/1/12,Bitcoin
11/30/12,Bitcoin
11/29/12,Bitcoin
11/28/12,Bitcoin
11/27/12,Bitcoin
11/26/12,Bitcoin
11/25/12,Bitcoin
11/24/12,Bitcoin
11/23/12,Bitcoin
11/22/12,Bitcoin
11/21/12,Bitcoin
11/20/12,Bitcoin
11/19/12,Bitcoin
11/18/12,Bitcoin
11/17/12,Bitcoin
11/16/12,Bitcoin
11/15/12,Bitcoin
11/14/12,Bitcoin
11/13/12,Bitcoin
11/12/12,Bitcoin
11/11/12,Bitcoin
11/10/12,Bitcoin
11/9/12,Bitcoin
11/8/12,Bitcoin
11/7/12,Bitcoin
11/6/12,Bitcoin
11/5/12,Bitcoin
11/4/12,Bitcoin
11/3/12,Bitcoin
11/2/12,Bitcoin
11/1/12,Bitcoin
10/31/12,Bitcoin
10/30/12,Bitcoin
10/29/12,Bitcoin
10/28/12,Bitcoin
10/27/12,Bitcoin
10/26/12,Bitcoin
10/25/12,Bitcoin
10/24/12,Bitcoin
10/23/12,Bitcoin
10/22/12,Bitcoin
10/21/12,Bitcoin
10/20/12,Bitcoin
10/19/12,Bitcoin
10/18/12,Bitcoin
10/17/12,Bitcoin
10/16/12,Bitcoin
10/15/12,Bitcoin
10/14/12,Bitcoin
10/13/12,Bitcoin
10/12/12,Bitcoin
10/11/12,Bitcoin
10/10/12,Bitcoin
10/9/12,Bitcoin
10/8/12,Bitcoin
10/7/12,Bitcoin
10/6/12,Bitcoin
10/5/12,Bitcoin
10/4/12,Bitcoin
10/3/12,Bitcoin
10/2/12,Bitcoin
10/1/12,Bitcoin
9/30/12,Bitcoin
9/29/12,Bitcoin
9/28/12,Bitcoin
9/27/12,Bitcoin
9/26/12,Bitcoin
9/25/12,Bitcoin
9/24/12,Bitcoin
9/23/12,Bitcoin
9/22/12,Bitcoin
9/21/12,Bitcoin
9/20/12,Bitcoin
9/19/12,Bitcoin
9/18/12,Bitcoin
9/17/12,Bitcoin
9/16/12,Bitcoin
9/15/12,Bitcoin
9/14/12,Bitcoin
9/13/12,Bitcoin
9/12/12,Bitcoin
9/11/12,Bitcoin
9/10/12,Bitcoin
9/9/12,Bitcoin
9/8/12,Bitcoin
9/7/12,Bitcoin
9/6/12,Bitcoin
9/5/12,Bitcoin
9/4/12,Bitcoin
9/3/12,Bitcoin
9/2/12,Bitcoin
9/1/12,Bitcoin
8/31/12,Bitcoin
8/30/12,Bitcoin
8/29/12,Bitcoin
8/28/12,Bitcoin
8/27/12,Bitcoin
8/26/12,Bitcoin
8/25/12,Bitcoin
8/24/12,Bitcoin
8/23/12,Bitcoin
8/22/12,Bitcoin
8/21/12,Bitcoin
8/20/12,Bitcoin
8/19/12,Bitcoin
8/18/12,Bitcoin
8/17/12,Bitcoin
8/16/12,Bitcoin
8/15/12,Bitcoin
8/14/12,Bitcoin
8/13/12,Bitcoin
8/12/12,Bitcoin
8/11/12,Bitcoin
8/10/12,Bitcoin
8/9/12,Bitcoin
8/8/12,Bitcoin
8/7/12,Bitcoin
8/6/12,Bitcoin
8/5/12,Bitcoin
8/4/12,Bitcoin
8/3/12,Bitcoin
8/2/12,Bitcoin
8/1/12,Bitcoin
7/31/12,Bitcoin
7/30/12,Bitcoin
7/29/12,Bitcoin
7/28/12,Bitcoin
7/27/12,Bitcoin
7/26/12,Bitcoin
7/25/12,Bitcoin
7/24/12,Bitcoin
7/23/12,Bitcoin
7/22/12,Bitcoin
7/21/12,Bitcoin
7/20/12,Bitcoin
7/19/12,Bitcoin
7/18/12,Bitcoin
7/17/12,Bitcoin
7/16/12,Bitcoin
7/15/12,Bitcoin
7/14/12,Bitcoin
7/13/12,Bitcoin
7/12/12,Bitcoin
7/11/12,Bitcoin
7/10/12,Bitcoin
7/9/12,Bitcoin
7/8/12,Bitcoin
7/7/12,Bitcoin
7/6/12,Bitcoin
7/5/12,Bitcoin
7/4/12,Bitcoin
7/3/12,Bitcoin
7/2/12,Bitcoin
7/1/12,Bitcoin
6/30/12,Bitcoin
6/29/12,Bitcoin
6/28/12,Bitcoin
6/27/12,Bitcoin
6/26/12,Bitcoin
6/25/12,Bitcoin
6/24/12,Bitcoin
6/23/12,Bitcoin
6/22/12,Bitcoin
6/21/12,Bitcoin
6/20/12,Bitcoin
6/19/12,Bitcoin
6/18/12,Bitcoin
6/17/12,Bitcoin
6/16/12,Bitcoin
6/15/12,Bitcoin
6/14/12,Bitcoin
6/13/12,Bitcoin
6/12/12,Bitcoin
6/11/12,Bitcoin
6/10/12,Bitcoin
6/9/12,Bitcoin
6/8/12,Bitcoin
6/7/12,Bitcoin
6/6/12,Bitcoin
6/5/12,Bitcoin
6/4/12,Bitcoin
6/3/12,Bitcoin
6/2/12,Bitcoin
6/1/12,Bitcoin
5/31/12,Bitcoin
5/30/12,Bitcoin
5/29/12,Bitcoin
5/28/12,Bitcoin
5/27/12,Bitcoin
5/26/12,Bitcoin
5/25/12,Bitcoin
5/24/12,Bitcoin
5/23/12,Bitcoin
5/22/12,Bitcoin
5/21/12,Bitcoin
5/20/12,Bitcoin
5/19/12,Bitcoin
5/18/12,Bitcoin
5/17/12,Bitcoin
5/16/12,Bitcoin
5/15/12,Bitcoin
5/14/12,Bitcoin
5/13/12,Bitcoin
5/12/12,Bitcoin
5/11/12,Bitcoin
5/10/12,Bitcoin
5/9/12,Bitcoin
5/8/12,Bitcoin
5/7/12,Bitcoin
5/6/12,Bitcoin
5/5/12,Bitcoin
5/4/12,Bitcoin
5/3/12,Bitcoin
5/2/12,Bitcoin
5/1/12,Bitcoin
4/30/12,Bitcoin
4/29/12,Bitcoin
4/28/12,Bitcoin
4/27/12,Bitcoin
4/26/12,Bitcoin
4/25/12,Bitcoin
4/24/12,Bitcoin
4/23/12,Bitcoin
4/22/12,Bitcoin
4/21/12,Bitcoin
4/20/12,Bitcoin
4/19/12,Bitcoin
4/18/12,Bitcoin
4/17/12,Bitcoin
4/16/12,Bitcoin
4/15/12,Bitcoin
4/14/12,Bitcoin
4/13/12,Bitcoin
4/12/12,Bitcoin
4/11/12,Bitcoin
4/10/12,Bitcoin
4/9/12,Bitcoin
4/8/12,Bitcoin
4/7/12,Bitcoin
4/6/12,Bitcoin
4/5/12,Bitcoin
4/4/12,Bitcoin
4/3/12,Bitcoin
4/2/12,Bitcoin
4/1/12,Bitcoin
3/31/12,Bitcoin
3/30/12,Bitcoin
3/29/12,Bitcoin
3/28/12,Bitcoin
3/27/12,Bitcoin
3/26/12,Bitcoin
3/25/12,Bitcoin
3/24/12,Bitcoin
3/23/12,Bitcoin
3/22/12,Bitcoin
3/21/12,Bitcoin
3/20/12,Bitcoin
3/19/12,Bitcoin
3/18/12,Bitcoin
3/17/12,Bitcoin
3/16/12,Bitcoin
3/15/12,Bitcoin
3/14/12,Bitcoin
3/13/12,Bitcoin
3/12/12,Bitcoin
3/11/12,Bitcoin
3/10/12,Bitcoin
3/9/12,Bitcoin
3/8/12,Bitcoin
3/7/12,Bitcoin
3/6/12,Bitcoin
3/5/12,Bitcoin
3/4/12,Bitcoin
3/3/12,Bitcoin
3/2/12,Bitcoin
3/1/12,Bitcoin
2/29/12,Bitcoin
2/28/12,Bitcoin
2/27/12,Bitcoin
2/26/12,Bitcoin
2/25/12,Bitcoin
2/24/12,Bitcoin
2/23/12,Bitcoin
2/22/12,Bitcoin
2/21/12,Bitcoin
2/20/12,Bitcoin
2/19/12,Bitcoin
2/18/12,Bitcoin
2/17/12,Bitcoin
2/16/12,Bitcoin
2/15/12,Bitcoin
2/14/12,Bitcoin
2/13/12,Bitcoin
2/12/12,Bitcoin
2/11/12,Bitcoin
2/10/12,Bitcoin
2/9/12,Bitcoin
2/8/12,Bitcoin
2/7/12,Bitcoin
2/6/12,Bitcoin
2/5/12,Bitcoin
2/4/12,Bitcoin
2/3/12,Bitcoin
2/2/12,Bitcoin
2/1/12,Bitcoin
1/31/12,Bitcoin
1/30/12,Bitcoin
1/29/12,Bitcoin
1/28/12,Bitcoin
1/27/12,Bitcoin
1/26/12,Bitcoin
1/25/12,Bitcoin
1/24/12,Bitcoin
1/23/12,Bitcoin
1/22/12,Bitcoin
1/21/12,Bitcoin
1/20/12,Bitcoin
1/19/12,Bitcoin
1/18/12,Bitcoin
1/17/12,Bitcoin
1/16/12,Bitcoin
1/15/12,Bitcoin
1/14/12,Bitcoin
1/13/12,Bitcoin
1/12/12,Bitcoin
1/11/12,Bitcoin
1/10/12,Bitcoin
1/9/12,Bitcoin
1/8/12,Bitcoin
1/7/12,Bitcoin
1/6/12,Bitcoin
1/5/12,Bitcoin
1/4/12,Bitcoin
1/3/12,Bitcoin
1/2/12,Bitcoin
1/1/12,Bitcoin
12/31/11,Bitcoin
12/30/11,Bitcoin
12/29/11,Bitcoin
12/28/11,Bitcoin
12/27/11,Bitcoin
12/26/11,Bitcoin
12/25/11,Bitcoin
12/24/11,Bitcoin
12/23/11,Bitcoin
12/22/11,Bitcoin
12/21/11,Bitcoin
12/20/11,Bitcoin
12/19/11,Bitcoin
12/18/11,Bitcoin
12/17/11,Bitcoin
12/16/11,Bitcoin
12/15/11,Bitcoin
12/14/11,Bitcoin
12/13/11,Bitcoin
12/12/11,Bitcoin
12/11/11,Bitcoin
12/10/11,Bitcoin
12/9/11,Bitcoin
12/8/11,Bitcoin
12/7/11,Bitcoin
12/6/11,Bitcoin
12/5/11,Bitcoin
12/4/11,Bitcoin
12/3/11,Bitcoin
12/2/11,Bitcoin
12/1/11,Bitcoin
11/30/11,Bitcoin
11/29/11,Bitcoin
11/28/11,Bitcoin
11/27/11,Bitcoin
11/26/11,Bitcoin
11/25/11,Bitcoin
11/24/11,Bitcoin
11/23/11,Bitcoin
11/22/11,Bitcoin
11/21/11,Bitcoin
11/20/11,Bitcoin
11/19/11,Bitcoin
11/18/11,Bitcoin
11/17/11,Bitcoin
11/16/11,Bitcoin
11/15/11,Bitcoin
11/14/11,Bitcoin
11/13/11,Bitcoin
11/12/11,Bitcoin
11/11/11,Bitcoin
11/10/11,Bitcoin
11/9/11,Bitcoin
11/8/11,Bitcoin
11/7/11,Bitcoin
11/6/11,Bitcoin
11/5/11,Bitcoin
11/4/11,Bitcoin
11/3/11,Bitcoin
11/2/11,Bitcoin
11/1/11,Bitcoin
10/31/11,Bitcoin
10/30/11,Bitcoin
10/29/11,Bitcoin
10/28/11,Bitcoin
10/27/11,Bitcoin
10/26/11,Bitcoin
10/25/11,Bitcoin
10/24/11,Bitcoin
10/23/11,Bitcoin
10/22/11,Bitcoin
10/21/11,Bitcoin
10/20/11,Bitcoin
10/19/11,Bitcoin
10/18/11,Bitcoin
10/17/11,Bitcoin
10/16/11,Bitcoin
10/15/11,Bitcoin
10/14/11,Bitcoin
10/13/11,Bitcoin
10/12/11,Bitcoin
10/11/11,Bitcoin
10/10/11,Bitcoin
10/9/11,Bitcoin
10/8/11,Bitcoin
10/7/11,Bitcoin
10/6/11,Bitcoin
10/5/11,Bitcoin
10/4/11,Bitcoin
10/3/11,Bitcoin
10/2/11,Bitcoin
10/1/11,Bitcoin
9/30/11,Bitcoin
9/29/11,Bitcoin
9/28/11,Bitcoin
9/27/11,Bitcoin
9/26/11,Bitcoin
9/25/11,Bitcoin
9/24/11,Bitcoin
9/23/11,Bitcoin
9/22/11,Bitcoin
9/21/11,Bitcoin
9/20/11,Bitcoin
9/19/11,Bitcoin
9/18/11,Bitcoin
9/17/11,Bitcoin
9/16/11,Bitcoin
9/15/11,Bitcoin
9/14/11,Bitcoin
9/13/11,Bitcoin
9/12/11,Bitcoin
9/11/11,Bitcoin
9/10/11,Bitcoin
9/9/11,Bitcoin
9/8/11,Bitcoin
9/7/11,Bitcoin
9/6/11,Bitcoin
9/5/11,Bitcoin
9/4/11,Bitcoin
9/3/11,Bitcoin
9/2/11,Bitcoin
9/1/11,Bitcoin
8/31/11,Bitcoin
8/30/11,Bitcoin
8/29/11,Bitcoin
8/28/11,Bitcoin
8/27/11,Bitcoin
8/26/11,Bitcoin
8/25/11,Bitcoin
8/24/11,Bitcoin
8/23/11,Bitcoin
8/22/11,Bitcoin
8/21/11,Bitcoin
8/20/11,Bitcoin
8/19/11,Bitcoin
8/18/11,Bitcoin
8/17/11,Bitcoin
8/16/11,Bitcoin
8/15/11,Bitcoin
8/14/11,Bitcoin
8/13/11,Bitcoin
8/12/11,Bitcoin
8/11/11,Bitcoin
8/10/11,Bitcoin
8/9/11,Bitcoin
8/8/11,Bitcoin
8/7/11,Bitcoin
8/6/11,Bitcoin
8/5/11,Bitcoin
8/4/11,Bitcoin
8/3/11,Bitcoin
8/2/11,Bitcoin
8/1/11,Bitcoin
7/31/11,Bitcoin
7/30/11,Bitcoin
7/29/11,Bitcoin
7/28/11,Bitcoin
7/27/11,Bitcoin
7/26/11,Bitcoin
7/25/11,Bitcoin
7/24/11,Bitcoin
7/23/11,Bitcoin
7/22/11,Bitcoin
7/21/11,Bitcoin
7/20/11,Bitcoin
7/19/11,Bitcoin
7/18/11,Bitcoin
7/17/11,Bitcoin
7/16/11,Bitcoin
7/15/11,Bitcoin
7/14/11,Bitcoin
7/13/11,Bitcoin
7/12/11,Bitcoin
7/11/11,Bitcoin
7/10/11,Bitcoin
7/9/11,Bitcoin
7/8/11,Bitcoin
7/7/11,Bitcoin
7/6/11,Bitcoin
7/5/11,Bitcoin
7/4/11,Bitcoin
7/3/11,Bitcoin
7/2/11,Bitcoin
7/1/11,Bitcoin
6/30/11,Bitcoin
6/29/11,Bitcoin
6/28/11,Bitcoin
6/27/11,Bitcoin
6/26/11,Bitcoin
6/25/11,Bitcoin
6/24/11,Bitcoin
6/23/11,Bitcoin
6/22/11,Bitcoin
6/21/11,Bitcoin
6/20/11,Bitcoin
6/19/11,Bitcoin
6/18/11,Bitcoin
6/17/11,Bitcoin
6/16/11,Bitcoin
6/15/11,Bitcoin
6/14/11,Bitcoin
6/13/11,Bitcoin
6/12/11,Bitcoin
6/11/11,Bitcoin
6/10/11,Bitcoin
6/9/11,Bitcoin
6/8/11,Bitcoin
6/7/11,Bitcoin
6/6/11,Bitcoin
6/5/11,Bitcoin
6/4/11,Bitcoin
6/3/11,Bitcoin
6/2/11,Bitcoin
6/1/11,Bitcoin
5/31/11,Bitcoin
5/30/11,Bitcoin
5/29/11,Bitcoin
5/28/11,Bitcoin
5/27/11,Bitcoin
5/26/11,Bitcoin
5/25/11,Bitcoin
5/24/11,Bitcoin
5/23/11,Bitcoin
5/22/11,Bitcoin
5/21/11,Bitcoin
5/20/11,Bitcoin
5/19/11,Bitcoin
5/18/11,Bitcoin
5/17/11,Bitcoin
5/16/11,Bitcoin
5/15/11,Bitcoin
5/14/11,Bitcoin
5/13/11,Bitcoin
5/12/11,Bitcoin
5/11/11,Bitcoin
5/10/11,Bitcoin
5/9/11,Bitcoin
5/8/11,Bitcoin
5/7/11,Bitcoin
5/6/11,Bitcoin
5/5/11,Bitcoin
5/4/11,Bitcoin
5/3/11,Bitcoin
5/2/11,Bitcoin
5/1/11,Bitcoin
4/30/11,Bitcoin
4/29/11,Bitcoin
4/28/11,Bitcoin
4/27/11,Bitcoin
4/26/11,Bitcoin
4/25/11,Bitcoin
4/24/11,Bitcoin
4/23/11,Bitcoin
4/22/11,Bitcoin
4/21/11,Bitcoin
4/20/11,Bitcoin
4/19/11,Bitcoin
4/18/11,Bitcoin
4/17/11,Bitcoin
4/16/11,Bitcoin
4/15/11,Bitcoin
4/14/11,Bitcoin
4/13/11,Bitcoin
4/12/11,Bitcoin
4/11/11,Bitcoin
4/10/11,Bitcoin
4/9/11,Bitcoin
4/8/11,Bitcoin
4/7/11,Bitcoin
4/6/11,Bitcoin
4/5/11,Bitcoin
4/4/11,Bitcoin
4/3/11,Bitcoin
4/2/11,Bitcoin
4/1/11,Bitcoin
3/31/11,Bitcoin
3/30/11,Bitcoin
3/29/11,Bitcoin
3/28/11,Bitcoin
3/27/11,Bitcoin
3/26/11,Bitcoin
3/25/11,Bitcoin
3/24/11,Bitcoin
3/23/11,Bitcoin
3/22/11,Bitcoin
3/21/11,Bitcoin
3/20/11,Bitcoin
3/19/11,Bitcoin
3/18/11,Bitcoin
3/17/11,Bitcoin
3/16/11,Bitcoin
3/15/11,Bitcoin
3/14/11,Bitcoin
3/13/11,Bitcoin
3/12/11,Bitcoin
3/11/11,Bitcoin
3/10/11,Bitcoin
3/9/11,Bitcoin
3/8/11,Bitcoin
3/7/11,Bitcoin
3/6/11,Bitcoin
3/5/11,Bitcoin
3/4/11,Bitcoin
3/3/11,Bitcoin
3/2/11,Bitcoin
3/1/11,Bitcoin
2/28/11,Bitcoin
2/27/11,Bitcoin
2/26/11,Bitcoin
2/25/11,Bitcoin
2/24/11,Bitcoin
2/23/11,Bitcoin
2/22/11,Bitcoin
2/21/11,Bitcoin
2/20/11,Bitcoin
2/19/11,Bitcoin
2/18/11,Bitcoin
2/17/11,Bitcoin
2/16/11,Bitcoin
2/15/11,Bitcoin
2/14/11,Bitcoin
2/13/11,Bitcoin
2/12/11,Bitcoin
2/11/11,Bitcoin
2/10/11,Bitcoin
2/9/11,Bitcoin
2/8/11,Bitcoin
2/7/11,Bitcoin
2/6/11,Bitcoin
2/5/11,Bitcoin
2/4/11,Bitcoin
2/3/11,Bitcoin
2/2/11,Bitcoin
2/1/11,Bitcoin
1/31/11,Bitcoin
1/30/11,Bitcoin
1/29/11,Bitcoin
1/28/11,Bitcoin
1/27/11,Bitcoin
1/26/11,Bitcoin
1/25/11,Bitcoin
1/24/11,Bitcoin
1/23/11,Bitcoin
1/22/11,Bitcoin
1/21/11,Bitcoin
1/20/11,Bitcoin
1/19/11,Bitcoin
1/18/11,Bitcoin
1/17/11,Bitcoin
1/16/11,Bitcoin
1/15/11,Bitcoin
1/14/11,Bitcoin
1/13/11,Bitcoin
1/12/11,Bitcoin
1/11/11,Bitcoin
1/10/11,Bitcoin
1/9/11,Bitcoin
1/8/11,Bitcoin
1/7/11,Bitcoin
1/6/11,Bitcoin
1/5/11,Bitcoin
1/4/11,Bitcoin
1/3/11,Bitcoin
1/2/11,Bitcoin
1/1/11,Bitcoin
12/31/10,Bitcoin
12/30/10,Bitcoin
12/29/10,Bitcoin
12/28/10,Bitcoin
12/27/10,Bitcoin
12/26/10,Bitcoin
12/25/10,Bitcoin
12/24/10,Bitcoin
12/23/10,Bitcoin
12/22/10,Bitcoin
12/21/10,Bitcoin
12/20/10,Bitcoin
12/19/10,Bitcoin
12/18/10,Bitcoin
12/17/10,Bitcoin
12/16/10,Bitcoin
12/15/10,Bitcoin
12/14/10,Bitcoin
12/13/10,Bitcoin
12/12/10,Bitcoin
12/11/10,Bitcoin
12/10/10,Bitcoin
12/9/10,Bitcoin
12/8/10,Bitcoin
12/7/10,Bitcoin
12/6/10,Bitcoin
12/5/10,Bitcoin
12/4/10,Bitcoin
12/3/10,Bitcoin
12/2/10,Bitcoin
12/1/10,Bitcoin
11/30/10,Bitcoin
11/29/10,Bitcoin
11/28/10,Bitcoin
11/27/10,Bitcoin
11/26/10,Bitcoin
11/25/10,Bitcoin
11/24/10,Bitcoin
11/23/10,Bitcoin
11/22/10,Bitcoin
11/21/10,Bitcoin
11/20/10,Bitcoin
11/19/10,Bitcoin
11/18/10,Bitcoin
11/17/10,Bitcoin
11/16/10,Bitcoin
11/15/10,Bitcoin
11/14/10,Bitcoin
11/13/10,Bitcoin
11/12/10,Bitcoin
11/11/10,Bitcoin
11/10/10,Bitcoin
11/9/10,Bitcoin
11/8/10,Bitcoin
11/7/10,Bitcoin
11/6/10,Bitcoin
11/5/10,Bitcoin
11/4/10,Bitcoin
11/3/10,Bitcoin
11/2/10,Bitcoin
11/1/10,Bitcoin
10/31/10,Bitcoin
10/30/10,Bitcoin
10/29/10,Bitcoin
10/28/10,Bitcoin
10/27/10,Bitcoin
10/26/10,Bitcoin
10/25/10,Bitcoin
10/24/10,Bitcoin
10/23/10,Bitcoin
10/22/10,Bitcoin
10/21/10,Bitcoin
10/20/10,Bitcoin
10/19/10,Bitcoin
10/18/10,Bitcoin
10/17/10,Bitcoin
10/16/10,Bitcoin
10/15/10,Bitcoin
10/14/10,Bitcoin
10/13/10,Bitcoin
10/12/10,Bitcoin
10/11/10,Bitcoin
10/10/10,Bitcoin
10/9/10,Bitcoin
10/8/10,Bitcoin
10/7/10,Bitcoin
10/6/10,Bitcoin
10/5/10,Bitcoin
10/4/10,Bitcoin
10/3/10,Bitcoin
10/2/10,Bitcoin
10/1/10,Bitcoin
9/30/10,Bitcoin
9/29/10,Bitcoin
9/28/10,Bitcoin
9/27/10,Bitcoin
9/26/10,Bitcoin
9/25/10,Bitcoin
9/24/10,Bitcoin
9/23/10,Bitcoin
9/22/10,Bitcoin
9/21/10,Bitcoin
9/20/10,Bitcoin
9/19/10,Bitcoin
9/18/10,Bitcoin
9/17/10,Bitcoin
9/16/10,Bitcoin
9/15/10,Bitcoin
9/14/10,Bitcoin
9/13/10,Bitcoin
9/12/10,Bitcoin
9/11/10,Bitcoin
9/10/10,Bitcoin
9/9/10,Bitcoin
9/8/10,Bitcoin
9/7/10,Bitcoin
9/6/10,Bitcoin
9/5/10,Bitcoin
9/4/10,Bitcoin
9/3/10,Bitcoin
9/2/10,Bitcoin
9/1/10,Bitcoin
8/31/10,Bitcoin
8/30/10,Bitcoin
8/29/10,Bitcoin
8/28/10,Bitcoin
8/27/10,Bitcoin
8/26/10,Bitcoin
8/25/10,Bitcoin
8/24/10,Bitcoin
8/23/10,Bitcoin
8/22/10,Bitcoin
8/21/10,Bitcoin
8/20/10,Bitcoin
8/19/10,Bitcoin
8/18/10,Bitcoin
8/17/10,Bitcoin
8/16/10,Bitcoin
8/15/10,Bitcoin
8/14/10,Bitcoin
8/13/10,Bitcoin
8/12/10,Bitcoin
8/11/10,Bitcoin
8/10/10,Bitcoin
8/9/10,Bitcoin
8/8/10,Bitcoin
8/7/10,Bitcoin
8/6/10,Bitcoin
8/5/10,Bitcoin
8/4/10,Bitcoin
8/3/10,Bitcoin
8/2/10,Bitcoin
8/1/10,Bitcoin
7/31/10,Bitcoin
7/30/10,Bitcoin
7/29/10,Bitcoin
7/28/10,Bitcoin
7/27/10,Bitcoin
7/26/10,Bitcoin
7/25/10,Bitcoin
7/24/10,Bitcoin
7/23/10,Bitcoin
7/22/10,Bitcoin
7/21/10,Bitcoin
7/20/10,Bitcoin
7/19/10,Bitcoin
7/18/10,Bitcoin
7/17/10,Bitcoin
7/16/10,Bitcoin
7/15/10,Bitcoin
7/14/10,Bitcoin
7/13/10,Bitcoin
7/12/10,Bitcoin
7/11/10,Bitcoin
7/10/10,Bitcoin
7/9/10,Bitcoin
7/8/10,Bitcoin
7/7/10,Bitcoin
7/6/10,Bitcoin
7/5/10,Bitcoin
7/4/10,Bitcoin
7/3/10,Bitcoin
7/2/10,Bitcoin
7/1/10,Bitcoin
6/30/10,Bitcoin
6/29/10,Bitcoin
6/28/10,Bitcoin
6/27/10,Bitcoin
6/26/10,Bitcoin
6/25/10,Bitcoin
6/24/10,Bitcoin
6/23/10,Bitcoin
6/22/10,Bitcoin
6/21/10,Bitcoin
6/20/10,Bitcoin
6/19/10,Bitcoin
6/18/10,Bitcoin
6/17/10,Bitcoin
6/16/10,Bitcoin
6/15/10,Bitcoin
6/14/10,Bitcoin
6/13/10,Bitcoin
6/12/10,Bitcoin
6/11/10,Bitcoin
6/10/10,Bitcoin
6/9/10,Bitcoin
6/8/10,Bitcoin
6/7/10,Bitcoin
6/6/10,Bitcoin
6/5/10,Bitcoin
6/4/10,Bitcoin
6/3/10,Bitcoin
6/2/10,Bitcoin
6/1/10,Bitcoin
5/31/10,Bitcoin
5/30/10,Bitcoin
5/29/10,Bitcoin
5/28/10,Bitcoin
5/27/10,Bitcoin
5/26/10,Bitcoin
5/25/10,Bitcoin
5/24/10,Bitcoin
5/23/10,Bitcoin
5/22/10,Bitcoin
5/21/10,Bitcoin
5/20/10,Bitcoin
5/19/10,Bitcoin
5/18/10,Bitcoin
5/17/10,Bitcoin
5/16/10,Bitcoin
5/15/10,Bitcoin
5/14/10,Bitcoin
5/13/10,Bitcoin
5/12/10,Bitcoin
5/11/10,Bitcoin
5/10/10,Bitcoin
5/9/10,Bitcoin
5/8/10,Bitcoin
5/7/10,Bitcoin
5/6/10,Bitcoin
5/5/10,Bitcoin
5/4/10,Bitcoin
5/3/10,Bitcoin
5/2/10,Bitcoin
5/1/10,Bitcoin
4/30/10,Bitcoin
4/29/10,Bitcoin
4/28/10,Bitcoin
4/27/10,Bitcoin
4/26/10,Bitcoin
4/25/10,Bitcoin
4/24/10,Bitcoin
4/23/10,Bitcoin
4/22/10,Bitcoin
4/21/10,Bitcoin
4/20/10,Bitcoin
4/19/10,Bitcoin
4/18/10,Bitcoin
4/17/10,Bitcoin
4/16/10,Bitcoin
4/15/10,Bitcoin
4/14/10,Bitcoin
4/13/10,Bitcoin
4/12/10,Bitcoin
4/11/10,Bitcoin
4/10/10,Bitcoin
4/9/10,Bitcoin
4/8/10,Bitcoin
4/7/10,Bitcoin
4/6/10,Bitcoin
4/5/10,Bitcoin
4/4/10,Bitcoin
4/3/10,Bitcoin
4/2/10,Bitcoin
4/1/10,Bitcoin
3/31/10,Bitcoin
3/30/10,Bitcoin
3/29/10,Bitcoin
3/28/10,Bitcoin
3/27/10,Bitcoin
3/26/10,Bitcoin
3/25/10,Bitcoin
3/24/10,Bitcoin
3/23/10,Bitcoin
3/22/10,Bitcoin
3/21/10,Bitcoin
3/20/10,Bitcoin
3/19/10,Bitcoin
3/18/10,Bitcoin
3/17/10,Bitcoin
3/16/10,Bitcoin
3/15/10,Bitcoin
3/14/10,Bitcoin
3/13/10,Bitcoin
3/12/10,Bitcoin
3/11/10,Bitcoin
3/10/10,Bitcoin
3/9/10,Bitcoin
3/8/10,Bitcoin
3/7/10,Bitcoin
3/6/10,Bitcoin
3/5/10,Bitcoin
3/4/10,Bitcoin
3/3/10,Bitcoin
3/2/10,Bitcoin
3/1/10,Bitcoin
2/28/10,Bitcoin
2/27/10,Bitcoin
2/26/10,Bitcoin
2/25/10,Bitcoin
2/24/10,Bitcoin
2/23/10,Bitcoin
2/22/10,Bitcoin
2/21/10,Bitcoin
2/20/10,Bitcoin
2/19/10,Bitcoin
2/18/10,Bitcoin
2/17/10,Bitcoin
2/16/10,Bitcoin
2/15/10,Bitcoin
2/14/10,Bitcoin
2/13/10,Bitcoin
2/12/10,Bitcoin
2/11/10,Bitcoin
2/10/10,Bitcoin
2/9/10,Bitcoin
2/8/10,Bitcoin
2/7/10,Bitcoin
2/6/10,Bitcoin
2/5/10,Bitcoin
2/4/10,Bitcoin
2/3/10,Bitcoin
2/2/10,Bitcoin
2/1/10,Bitcoin
1/31/10,Bitcoin
1/30/10,Bitcoin
1/29/10,Bitcoin
1/28/10,Bitcoin
1/27/10,Bitcoin
1/26/10,Bitcoin
1/25/10,Bitcoin
1/24/10,Bitcoin
1/23/10,Bitcoin
1/22/10,Bitcoin
1/21/10,Bitcoin
1/20/10,Bitcoin
1/19/10,Bitcoin
1/18/10,Bitcoin
1/17/10,Bitcoin
1/16/10,Bitcoin
1/15/10,Bitcoin
1/14/10,Bitcoin
1/13/10,Bitcoin
1/12/10,Bitcoin
1/11/10,Bitcoin
1/10/10,Bitcoin
1/9/10,Bitcoin
1/8/10,Bitcoin
1/7/10,Bitcoin
1/6/10,Bitcoin
1/5/10,Bitcoin
1/4/10,Bitcoin
1/3/10,Bitcoin
1/2/10,Bitcoin
1/1/10,Bitcoin
12/31/09,Bitcoin
12/30/09,Bitcoin
12/29/09,Bitcoin
12/28/09,Bitcoin
12/27/09,Bitcoin
12/26/09,Bitcoin
12/25/09,Bitcoin
12/24/09,Bitcoin
12/23/09,Bitcoin
12/22/09,Bitcoin
12/21/09,Bitcoin
12/20/09,Bitcoin
12/19/09,Bitcoin
12/18/09,Bitcoin
12/17/09,Bitcoin
12/16/09,Bitcoin
12/15/09,Bitcoin
12/14/09,Bitcoin
12/13/09,Bitcoin
12/12/09,Bitcoin
12/11/09,Bitcoin
12/10/09,Bitcoin
12/9/09,Bitcoin
12/8/09,Bitcoin
12/7/09,Bitcoin
12/6/09,Bitcoin
12/5/09,Bitcoin
12/4/09,Bitcoin
12/3/09,Bitcoin
12/2/09,Bitcoin
12/1/09,Bitcoin
11/30/09,Bitcoin
11/29/09,Bitcoin
11/28/09,Bitcoin
11/27/09,Bitcoin
11/26/09,Bitcoin
11/25/09,Bitcoin
11/24/09,Bitcoin
11/23/09,Bitcoin
11/22/09,Bitcoin
11/21/09,Bitcoin
11/20/09,Bitcoin
11/19/09,Bitcoin
11/18/09,Bitcoin
11/17/09,Bitcoin
11/16/09,Bitcoin
11/15/09,Bitcoin
11/14/09,Bitcoin
11/13/09,Bitcoin
11/12/09,Bitcoin
11/11/09,Bitcoin
11/10/09,Bitcoin
11/9/09,Bitcoin
11/8/09,Bitcoin
11/7/09,Bitcoin
11/6/09,Bitcoin
11/5/09,Bitcoin
11/4/09,Bitcoin
11/3/09,Bitcoin
11/2/09,Bitcoin
11/1/09,Bitcoin
10/31/09,Bitcoin
10/30/09,Bitcoin
10/29/09,Bitcoin
10/28/09,Bitcoin
10/27/09,Bitcoin
10/26/09,Bitcoin
10/25/09,Bitcoin
10/24/09,Bitcoin
10/23/09,Bitcoin
10/22/09,Bitcoin
10/21/09,Bitcoin
10/20/09,Bitcoin
10/19/09,Bitcoin
10/18/09,Bitcoin
10/17/09,Bitcoin
10/16/09,Bitcoin
10/15/09,Bitcoin
10/14/09,Bitcoin
10/13/09,Bitcoin
10/12/09,Bitcoin
10/11/09,Bitcoin
10/10/09,Bitcoin
10/9/09,Bitcoin
10/8/09,Bitcoin
10/7/09,Bitcoin
10/6/09,Bitcoin
10/5/09,Bitcoin
10/4/09,Bitcoin
10/3/09,Bitcoin
10/2/09,Bitcoin
10/1/09,Bitcoin
9/30/09,Bitcoin
9/29/09,Bitcoin
9/28/09,Bitcoin
9/27/09,Bitcoin
9/26/09,Bitcoin
9/25/09,Bitcoin
9/24/09,Bitcoin
9/23/09,Bitcoin
9/22/09,Bitcoin
9/21/09,Bitcoin
9/20/09,Bitcoin
9/19/09,Bitcoin
9/18/09,Bitcoin
9/17/09,Bitcoin
9/16/09,Bitcoin
9/15/09,Bitcoin
9/14/09,Bitcoin
9/13/09,Bitcoin
9/12/09,Bitcoin
9/11/09,Bitcoin
9/10/09,Bitcoin
9/9/09,Bitcoin
9/8/09,Bitcoin
9/7/09,Bitcoin
9/6/09,Bitcoin
9/5/09,Bitcoin
9/4/09,Bitcoin
9/3/09,Bitcoin
9/2/09,Bitcoin
9/1/09,Bitcoin
8/31/09,Bitcoin
8/30/09,Bitcoin
8/29/09,Bitcoin
8/28/09,Bitcoin
8/27/09,Bitcoin
8/26/09,Bitcoin
8/25/09,Bitcoin
8/24/09,Bitcoin
8/23/09,Bitcoin
8/22/09,Bitcoin
8/21/09,Bitcoin
8/20/09,Bitcoin
8/19/09,Bitcoin
8/18/09,Bitcoin
8/17/09,Bitcoin
8/16/09,Bitcoin
8/15/09,Bitcoin
8/14/09,Bitcoin
8/13/09,Bitcoin
8/12/09,Bitcoin
8/11/09,Bitcoin
8/10/09,Bitcoin
8/9/09,Bitcoin
8/8/09,Bitcoin
8/7/09,Bitcoin
8/6/09,Bitcoin
8/5/09,Bitcoin
8/4/09,Bitcoin
8/3/09,Bitcoin
8/2/09,Bitcoin
8/1/09,Bitcoin
7/31/09,Bitcoin
7/30/09,Bitcoin
7/29/09,Bitcoin
7/28/09,Bitcoin
7/27/09,Bitcoin
7/26/09,Bitcoin
7/25/09,Bitcoin
7/24/09,Bitcoin
7/23/09,Bitcoin
7/22/09,Bitcoin
7/21/09,Bitcoin
7/20/09,Bitcoin
7/19/09,Bitcoin
7/18/09,Bitcoin
7/17/09,Bitcoin
7/16/09,Bitcoin
7/15/09,Bitcoin
7/14/09,Bitcoin
7/13/09,Bitcoin
7/12/09,Bitcoin
7/11/09,Bitcoin
7/10/09,Bitcoin
7/9/09,Bitcoin
7/8/09,Bitcoin
7/7/09,Bitcoin
7/6/09,Bitcoin
7/5/09,Bitcoin
7/4/09,Bitcoin
7/3/09,Bitcoin
7/2/09,Bitcoin
7/1/09,Bitcoin
6/30/09,Bitcoin
6/29/09,Bitcoin
6/28/09,Bitcoin
6/27/09,Bitcoin
6/26/09,Bitcoin
6/25/09,Bitcoin
6/24/09,Bitcoin
6/23/09,Bitcoin
6/22/09,Bitcoin
6/21/09,Bitcoin
6/20/09,Bitcoin
6/19/09,Bitcoin
6/18/09,Bitcoin
6/17/09,Bitcoin
6/16/09,Bitcoin
6/15/09,Bitcoin
6/14/09,Bitcoin
6/13/09,Bitcoin
6/12/09,Bitcoin
6/11/09,Bitcoin
6/10/09,Bitcoin
6/9/09,Bitcoin
6/8/09,Bitcoin
6/7/09,Bitcoin
6/6/09,Bitcoin
6/5/09,Bitcoin
6/4/09,Bitcoin
6/3/09,Bitcoin
6/2/09,Bitcoin
6/1/09,Bitcoin
5/31/09,Bitcoin
5/30/09,Bitcoin
5/29/09,Bitcoin
5/28/09,Bitcoin
5/27/09,Bitcoin
5/26/09,Bitcoin
5/25/09,Bitcoin
5/24/09,Bitcoin
5/23/09,Bitcoin
5/22/09,Bitcoin
5/21/09,Bitcoin
5/20/09,Bitcoin
5/19/09,Bitcoin
5/18/09,Bitcoin
5/17/09,Bitcoin
5/16/09,Bitcoin
5/15/09,Bitcoin
5/14/09,Bitcoin
5/13/09,Bitcoin
5/12/09,Bitcoin
5/11/09,Bitcoin
5/10/09,Bitcoin
5/9/09,Bitcoin
5/8/09,Bitcoin
5/7/09,Bitcoin
5/6/09,Bitcoin
5/5/09,Bitcoin
5/4/09,Bitcoin
5/3/09,Bitcoin
5/2/09,Bitcoin
5/1/09,Bitcoin
4/30/09,Bitcoin
4/29/09,Bitcoin
4/28/09,Bitcoin
4/27/09,Bitcoin
4/26/09,Bitcoin
4/25/09,Bitcoin
4/24/09,Bitcoin
4/23/09,Bitcoin
4/22/09,Bitcoin
4/21/09,Bitcoin
4/20/09,Bitcoin
4/19/09,Bitcoin
4/18/09,Bitcoin
4/17/09,Bitcoin
4/16/09,Bitcoin
4/15/09,Bitcoin
4/14/09,Bitcoin
4/13/09,Bitcoin
4/12/09,Bitcoin
4/11/09,Bitcoin
4/10/09,Bitcoin
4/9/09,Bitcoin
4/8/09,Bitcoin
4/7/09,Bitcoin
4/6/09,Bitcoin
4/5/09,Bitcoin
4/4/09,Bitcoin
4/3/09,Bitcoin
4/2/09,Bitcoin
4/1/09,Bitcoin
3/31/09,Bitcoin
3/30/09,Bitcoin
3/29/09,Bitcoin
3/28/09,Bitcoin
3/27/09,Bitcoin
3/26/09,Bitcoin
3/25/09,Bitcoin
3/24/09,Bitcoin
3/23/09,Bitcoin
3/22/09,Bitcoin
3/21/09,Bitcoin
3/20/09,Bitcoin
3/19/09,Bitcoin
3/18/09,Bitcoin
3/17/09,Bitcoin
3/16/09,Bitcoin
3/15/09,Bitcoin
3/14/09,Bitcoin
3/13/09,Bitcoin
3/12/09,Bitcoin
3/11/09,Bitcoin
3/10/09,Bitcoin
3/9/09,Bitcoin
3/8/09,Bitcoin
3/7/09,Bitcoin
3/6/09,Bitcoin
3/5/09,Bitcoin
3/4/09,Bitcoin
3/3/09,Bitcoin
3/2/09,Bitcoin
3/1/09,Bitcoin
2/28/09,Bitcoin
2/27/09,Bitcoin
2/26/09,Bitcoin
2/25/09,Bitcoin
2/24/09,Bitcoin
2/23/09,Bitcoin
2/22/09,Bitcoin
2/21/09,Bitcoin
2/20/09,Bitcoin
2/19/09,Bitcoin
2/18/09,Bitcoin
2/17/09,Bitcoin
2/16/09,Bitcoin
2/15/09,Bitcoin
2/14/09,Bitcoin
2/13/09,Bitcoin
2/12/09,Bitcoin
2/11/09,Bitcoin
2/10/09,Bitcoin
2/9/09,Bitcoin
2/8/09,Bitcoin
2/7/09,Bitcoin
2/6/09,Bitcoin
2/5/09,Bitcoin
2/4/09,Bitcoin
2/3/09,Bitcoin
2/2/09,Bitcoin
2/1/09,Bitcoin
1/31/09,Bitcoin
1/30/09,Bitcoin
1/29/09,Bitcoin
1/28/09,Bitcoin
1/27/09,Bitcoin
1/26/09,Bitcoin
1/25/09,Bitcoin
1/24/09,Bitcoin
1/23/09,Bitcoin
1/22/09,Bitcoin
1/21/09,Bitcoin
1/20/09,Bitcoin
1/19/09,Bitcoin
1/18/09,Bitcoin
1/17/09,Bitcoin
1/16/09,Bitcoin
1/15/09,Bitcoin
1/14/09,Bitcoin
1/13/09,Bitcoin
1/12/09,Bitcoin
1/11/09,Bitcoin
1/10/09,Bitcoin
1/9/09,Bitcoin
1/8/09,Bitcoin
1/7/09,Bitcoin
1/6/09,Bitcoin
1/5/09,Bitcoin
1/4/09,Bitcoin
1/3/09,Bitcoin
1/2/09,Bitcoin